센터명,센터유형,도로명주소,지번주소,위도,경도,관리기관전화번호,운영기관전화번호,관할지자체,주요프로그램,데이터기준일자
합천군 치매안심센터,치매안심센터,경상남도 합천군 합천읍 동서로 39,,35.56792811,128.1567534,055-930-4000,055-930-4091,경상남도 합천군,치매조기검진+치매진단검사+치매치료관리비 지원+치매환자 조호물품 제공+치매환자 실종예방 사업+치매환자 쉼터 운영+치매환자 가족교실 운영,2026-05-12
거창군치매안심센터,치매안심센터,경상남도 거창군 거창읍 거함대로 3079,경상남도 거창군 거창읍 송정리 1095,35.6809363,127.8987274,055-940-7910,055-940-7910,경상남도 거창군,치매환자 상담 및 등록 관리+치매 조기검진 및 진단+치매치료관리비 지원+치매환자 조호물품지원+노인성 질환자 위생용품 지원+치매 실종예방·배회감지기 지원+치매 안심 프로그램 운영 치매파트너 양성+치매극복 선도기관 지정+치매환자 공공 후견 지원+인식개선 및 홍보 사업+치매예방교육 등,2026-03-18
창녕군 치매안심센터,치매안심센터,경상남도 창녕군 창녕읍 군청1길 37,경상남도 창녕군 창녕읍 교리 996-1,35.543618,128.490055,055-530-7503,055-530-7503,경상남도 창녕군,치매환자 등록 및 관리+치매조기검진+치매예방교육 및 인식개선+치매가족교육 및 자조모임+쉼터프로그램운영 등,2026-05-08
영천시치매안심센터,치매안심센터,경상북도 영천시 옛군청 1길 31,경상북도 영천시 문내동 152-1,35.9687455,128.9324014,054-339-7844,054-339-7845,경상북도 영천시,치매선별검사+치매예방홍보+치매서포터즈운영+치매진단검사+예방프로그램 운영+인지강화프로그램 운영+치매환자프로그램 운영+치매치료관리비 지원+치매대상자 사례관리+치매대상자 실종예방 배회인식표 발급 및 지문등록+조호물품 지원,2026-06-18
영주시치매안심센터,치매안심센터,경상북도 영주시 영주로159번길 73,경상북도 영주시 영주동 479-1,36.8287755,128.6159883,054-777-6400,054-639-5733,경상북도 영주시,치매상담등록+사례관리+조기검진+쉼터지원 및 가족지원+인식개선 홍보 등,2026-06-17
구미시선산치매안심센터,치매안심센터,경상북도 구미시 선산읍 선주로 121,경상북도 구미시 선산읍 동부리 544-1,36.24417904,128.2999491,054-880-3798,054-480-4350,경상북도 구미시,치매환자 등록 및 상담+맞춤형 사례관리+치매조기검진+치매환자쉼터 및 예방교실+치매가족지원사업+치매인식개선사업 등,2026-06-25
구미치매안심센터,치매안심센터,경상북도 구미시 지산11길 8-1,경상북도 구미시 지산동 853-141,36.139463,128.3455203,054-880-3798,054-480-4880,경상북도 구미시,치매환자 등록 및 상담+맞춤형 사례관리+치매조기검진+치매환자쉼터 및 예방교실+치매가족지원사업+치매인식개선사업 등,2026-06-25
장수치매정신통합센터,치매안심센터,"전북특별자치도 장수군 장수읍 장천로 255-10, 2층",전북특별자치도 장수군 장수읍 노하리 364,35.65513121,127.5191364,063-351-8000,063-350-2670,전북특별자치도 장수군,상담 등록서비스+치매조기검진서비스+치매치료관리비 지원+조호물품 지원+맞춤형 사례관리 서비스+치매환자 쉼터 프로그램 운영+치매환자 가족지원서비스+치매예방관리사업+치매인식개선사업,2026-06-01
충청남도 예산군 치매안심센터,치매안심센터,충청남도 예산군 예산읍 군청로 22,충청남도 예산군 예산읍 예산리 777,36.68088054,126.8448507,041-339-6140,041-339-6140,충청남도 예산군,기억이음 청춘학교,2026-04-07
속초시치매안심센터,치매안심센터,강원특별자치도 속초시 수복로 36,강원특별자치도 속초시 교동 980,38.196194,128.5759527,033-639-2926,033-639-2071,강원특별자치도 속초시,치매조기검진+어울림 쉼터 인지재활 프로그램+인지강화 프로그램+경로당 치매예방 프로그램+치매가족  헤아림 프로그램+치매가족 헤아림 교육+자조모임 사랑회 운영+치매치료관리비 지원,2026-06-11
경기도 과천시 치매안심센터,치매안심센터,경기도 과천시 관문로 69 과천시치매안심센터 1층,경기도 과천시 중앙동 1-3 과천시치매안심센터 1층,37.43021609,126.986778,02-2150-3596,02-2150-3596,경기도 과천시,치매상담+등록관리+조기검진+단기쉼터운영+가족지원+실종예방지원+인식개선사업+조호물품 및 치매치료관리비 지원+치매예방교실+치매가족교실+치매파트너교육+치매공공후견인 발굴+치매안심마을+맞춤형사례관리+고위험군 인지강화교실 운영 등,2026-06-26
부천시치매안심센터,치매안심센터,경기도 부천시 원미구 길주로 410,경기도 부천시 원미구 춘의동 163-7,37.50363121,126.7880203,032-625-4421,032-625-4421,경기도 부천시,치매환자의 등록·관리+치매의 예방·교육 및 홍보+치매조기검진,2026-06-24
분당구보건소 치매안심센터,치매안심센터,경기도 성남시 분당구 내정로 94(정자동 한솔마을 711동 1층),경기도 성남시 분당구 정자동 101,37.367389,127.115509,031-729-8978,031-729-8783,경기도 성남시,상담 및 등록관리+치매 조기검진+치매예방관리+치매환자 쉼터 운영+치매지원 서비스+치매가족 및 보호자 지원사업+치매 인식개선 및 교육홍보+치매 안심마을 운영+치매 공공 후견사업,2026-05-29
중원구보건소 치매안심센터,치매안심센터,경기도 성남시 중원구 금상로 137(상대원동),경기도 성남시 중원구 상대원동 269-10,37.442188,127.170527,031-729-3922,031-739-3030,경기도 성남시,상담 및 등록관리+치매 조기검진+치매예방관리+치매환자 쉼터 운영+치매지원 서비스+치매가족 및 보호자 지원사업+치매 인식개선 및 교육홍보+치매 안심마을 운영+치매 공공 후견사업,2026-05-29
수정구보건소 치매안심센터,치매안심센터,경기도 성남시 수정구 수정로 218,경기도 성남시 수정구 신흥동 3435,37.444312,127.144060,031-729-3879,031-729-3879,경기도 성남시,상담 및 등록관리+치매 조기검진+치매예방관리+치매환자 쉼터 운영+치매지원 서비스+치매가족 및 보호자 지원사업+치매 인식개선 및 교육홍보+치매 안심마을 운영+치매 공공 후견사업,2026-05-29
울산광역시남구치매안심센터,치매안심센터,울산광역시 남구 삼산중로 132,울산광역시 남구 삼산동 1538-4,35.54535759,129.3363268,052-226-2317,052-226-2323,울산광역시 남구,상담 및 등록관리사업+조기검진사업+쉼터운영사업+가족지원사업+치매인식개선홍보사업,2026-05-22
대전광역시 대덕구 치매안심센터,치매안심센터,"대전광역시 대덕구 동춘당로 187, 3층","대전광역시 대덕구 법동 192-1, 3층",36.367296,127.430828,042-608-5426,042-608-5426,대전광역시 대덕구,"무료 치매검사, 치매 가족교육, 치매 예방교육, 치매 인지교실, 조호물품 제공 등",2026-06-23
대전광역시유성구치매안심센터,치매안심센터,"대전광역시 유성구 박산로 177, 2층",대전광역시 유성구 구암동 91-6,36.3538097,127.3286392,042-611-5121,042-611-5018,대전광역시 유성구,치매조기검진+치매환자 인지프로그램+가족지원사업+치매극복의 날 기념행사 등,2026-05-12
옹진군치매안심센터,치매안심센터,인천광역시 옹진군 백령면 백령로833번길 26-29,인천광역시 옹진군 백령면 북포리 522-6,37.95793845,124.6647433,032-899-3670,032-899-3670,인천광역시 옹진군,쉼터+치매예방+인지강화교실,2026-06-27
효성평생건강센터,치매안심센터,인천광역시 계양구 봉오대로543번길 21,,37.532527,126.7086103,032-450-1845,032-450-1845,인천광역시 계양구,치매조기검진+치매환자지원사업+치매환자쉼터운영,2026-05-18
계양구보건소 치매안심센터,치매안심센터,인천광역시 계양구 계양문화로 63,,37.536446,126.736242,032-430-7867,032-430-7867,인천광역시 계양구,조기검진 및 등록관리+ 치매환자지원사업+ 치매예방관리사업+ 치매환자 쉼터운영+ 치매환자 가족및보호자지원사업+ 치매인식개선사업+ 맞춤형사례관리사업 등,2026-05-18
인천광역시 동구 구립 치매전담형 주간보호센터 동구동락,치매안심센터,인천광역시 동구 방축로 193,인천광역시 동구 송림동 297-20,37.47927144,126.6661296,032-760-4942,032-575-0019,인천광역시 제물포구,치매환자 신체활동 지원+기능 회복훈련+건강 및 간호관리+인지관리+치매환자와 가족에 대한 교육 및 지원,2026-06-05
인천광역시 동구 치매안심센터,치매안심센터,인천광역시 동구 방축로 193,인천광역시 동구 송림동 297-20,37.47927144,126.6661296,032-772-6307,032-772-6307,인천광역시 제물포구,상담 및 등록관리+치매 조기검진+치매예방관리+치매환자 쉼터 운영+치매지원 서비스+치매가족 및 보호자 지원사업+치매 인식개선 및 교육·홍보 사업+치매 안심마을 운영,2026-06-05
대구남구치매안심센터,치매안심센터,대구광역시 남구 영선길 34,대구광역시 남구 대명동 2003,35.853883,128.5915237,053-664-3695,053-664-3694,대구광역시 남구,"치매조기검진사업, 치매환자 및 가족프로그램 운영, 치매예방교육 및 인식개선사업 등",2026-05-01
대구광역시중구치매안심센터,치매안심센터,대구광역시 중구 태평로 45,대구광역시 중구 태평로3가 174-1,35.87790606,128.5833355,053-661-3911,053-661-3911,대구광역시 중구,선별검사+진단검사+상담+치매예방교육+기억쉼터 운영 및 인지재활프로그램+가족교실 운영+맞춤형사례관리 등,2026-06-17
강동구치매안심센터,치매안심센터,서울특별시 강동구 성내로 45,서울특별시 강동구 성내동 541-2,37.52954199,127.1255855,02-3425-6773,02-489-1130,서울특별시 강동구,치매예방및인식개선+치매조기검진+치매및고위험인지재활프로그램+치매치료비지원+치매지역자원강화 등,2026-04-21
은평구치매안심센터,치매안심센터,서울특별시 은평구 연서로34길 11,서울특별시 은평구 불광동 130-2,37.6215461,126.9276913,02-351-8801,02-388-8233,서울특별시 은평구,"치매 조기검진 및 등록관리, 치료비 지원 및 사례관리, 인지건강프로그램 운영, 치매예방 교육 및 홍보",2026-05-20
노원구치매안심센터,치매안심센터,서울특별시 노원구 수락산로 212-20 마들보건지소 4~5층,서울특별시 노원구 상계1동 1035-1 마들보건지소 4~5층,37.6714558,127.055257,02-2116-4353,02-911-7778,서울특별시 노원구,치매조기검진+치매예방 및 등록관리+치매치료비 지원+쉼터 및 일상생활훈련센터 운영+지역자원강화 사업 등,2026-04-01
중구 치매안심센터,치매안심센터,서울특별시 중구 퇴계로 460(신당동) 유락종합사회복지관 11층,서울특별시 중구 신당동 160-2,37.565091,127.022785,02-3396-6473,02-2238-3400,서울특별시 중구,"치매선별검사+맞춤형 치매예방 프로그램+지매환자 약제비, 검사비 지원 + 가족 지원(힐링 프로그램, 자조모임, 교육)+조호물품지원+인식개선사업 등",2026-06-05
김천시치매안심센터,치매안심센터,경상북도 김천시 체육공원길 21,경상북도 김천시 지좌동 440-128,36.119733,128.144528,054-421-2700,054-421-2960,경상북도 김천시,치매조기검진사업 및 치매치료관리비지원사업 등,2026-04-21
무안군치매안심센터,치매안심센터,전라남도 무안군 무안읍 면성1길 128,전라남도 무안군 무안읍 성남리 813-2,34.98725207,126.4732635,061-450-5075,061-450-5075,전남광주통합특별시 무안군,치매조기검진+치매상담 및 등록관리+치매예방교육+인지강화교실+쉼터+가족교실+자조모임+치매인식개선교육 등,2026-04-10
진상백학동기억샘터,치매안심센터,전라남도 광양시 진상면 신황길 126,전라남도 광양시 진상면 황죽리 250-18,35.05320532,127.6882086,061-797-4122,061-797-4814,전라남도 광양시,치매조기검진+인지강화프로그램,2026-03-23
광양시 치매안심센터,치매안심센터,전라남도 광양시 광양읍 호북길 13-3,전라남도 광양시 광양읍 칠성리 898-3,34.980119,127.583648,061-797-4122,061-797-4059,전라남도 광양시,치매조기검진+치매가족자조모임+사례관리+인지강화프로그램,2026-03-23
서산시치매안심센터,치매안심센터,충청남도 서산시 호수공원 6로 6,충청남도 서산시 읍내동 815-8,36.77458846,126.4445147,041-661-6571,041-661-6571,충청남도 서산시,치매조기검진+치매안심센터프로그램 운영+치매환자 맞춤형 사례관리+치매환자 조호물품 및 치매치료관리비 지원,2026-03-30
연천군치매안심센터,치매안심센터,경기도 연천군 전곡읍 은대성로 95,경기도 연천군 전곡읍 은대리 577-36,38.02353445,127.0609628,031-839-4083,031-839-4165,경기도 연천군,치매조기검진+치매치료비지원+치매예방관리사업 등,2026-04-24
대전서구치매안심센터,치매안심센터,"대전광역시 서구 만년로74, 서구보건소 5층",대전광역시 서구 만년동 340,36.3670884877,127.3810425,042-288-4500,042-288-4470,대전광역시 서구,치매환자인지재활프로그램+고위험군인지강화교실+치매예방교실+찾아가는경로당치매예방교실+치매예방교육+치매파트너및플러스사업+가족교실+가족자조모임+선별검사및진단검사+치매치료관리비지원+조호물품지원+배회가능어르신인식표제공+지문등사전등록+공공후견지원사업+사례관리,2026-05-17
광주광역시 남구 치매안심센터,치매안심센터,광주광역시 남구 효우로 80,광주광역시 남구 노대동 737,35.106213,126.903801,062-607-4365,062-607-4361,전남광주통합특별시 남구,"치매조기검진, 치매인식개선, 치매환자보호자 등록관리",2026-03-31
연수구치매안심센터,치매안심센터,인천광역시 연수구 예술로20번길 15,인천광역시 연수구 선학동 100-2,37.4357471,126.699593,032-749-8934,032-749-8934,인천광역시 연수구,무료치매검사+치매환자등록+치매조호물품+프로그램 운영,2026-03-25
대구북구치매안심센터,치매안심센터,"대구광역시 북구 성북로49, 5층",대구광역시 북구 침산동 521-2,35.8918696,128.588898,053-665-4267,053-665-3135,대구광역시 북구,치매조기검진+치매치료관리비지원+조호물품 제공+치매예방프로그램+쉼터운영+가족지원+치매환자 실종예방사업+맞춤형사례관리+치매인식개선사업 등,2026-05-04
장성군치매안심센터,치매안심센터,전라남도 장성군 장성읍 성산5길 17,전라남도 장성군 장성읍 성산리 178-2,35.3233003,126.808367,061-390-7164,061-390-7164,전남광주통합특별시 장성군,"치매상담 및 등록관리사업, 치매조기검진사업, 치매검사비 자원, 치매예방관리사업, 치매환자쉼터, 배회가능 어르신 인식표 보급 사업, 치매치료관리비 지원, 조호물품 제공, 치매가족 및 보호자 지원사업, 치매인식개선사업, 치매파트너 사업, 치매안심마을 운영",2026-02-10
태백시치매안심센터,치매안심센터,강원특별자치도 태백시 태백로 905,강원특별자치도 태백시 황지동 20-8,37.176676,128.9924305,033-552-4000,033-550-3042,강원특별자치도 태백시,"환자쉼터+치매환자 가족 지지모임+치매조기검진(선별, 진단, 감별검사)+치매환자 등록관리+맞춤형사례관리+환자 지원서비스(치료관리비, 조호물품제공)+치매예방교실+이동 조기검진+치매파트너 양성 및 플러스 활동+실종예방지원서비스(인식표, 배회감지기, 지문사진등록사업) 등",2026-03-10
파주시치매안심센터,치매안심센터,경기도 파주시 조리읍 봉천로 68,경기도 파주시 조리읍 봉일천리 188-9,37.74507907,126.8050112,031-940-3740,031-940-3740,경기도 파주시,치매인식개선 및 예방+조기검진사업,2026-03-16
남양주풍양보건소 치매안심센터,치매안심센터,경기도 남양주시 진접읍 금강로 1509-26,경기도 남양주시 진접읍 장현리 68-39,37.726331,127.189819,031-590-8381,031-590-8381,경기도 남양주시,치매조기검진+치매환자쉼터+치매가족지원+치매예방관리+치매인식개선,2026-03-16
남양주보건소 치매안심센터,치매안심센터,경기도 남양주시 경춘로 522,경기도 남양주시 다산동 6198,37.610537,127.171235,031-590-8700,031-590-8700,경기도 남양주시,치매조기검진+치매환자쉼터+치매가족지원+치매예방관리+치매인식개선,2026-03-16
평택시 송탄치매안심센터,치매안심센터,경기도 평택시 서정로 295(송탄보건소옆),경기도 평택시 서정동 산12,37.065701,127.066497,031-8024-7257,031-8024-7257,경기도 평택시,치매조기검진+치매환자 쉼터+치매예방교실+인지강화교실+치매가족교실+인식개선캠페인 등,2026-03-04
평택시치매안심센터 안중분소,치매안심센터,"경기도 평택시 안중읍 안현로서9길 24, 3층","경기도 평택시 안중읍 현화리 834-10, 3층",36.97815461,126.922304,031-8024-8677,031-8024-8677,경기도 평택시,치매조기검진사업+치매환자 프로그램+치매예방교육 및 인지재활+가족프로그램 운영 등,2026-03-04
평택시치매안심센터,치매안심센터,"경기도 평택시 중앙1로56번길 25, 2층","경기도 평택시 비전동 631, 2층",36.996253,127.089193,031-8024-4399,031-8024-4399,경기도 평택시,치매조기검진사업+치매환자 프로그램+치매예방교육 및 인지재활+가족프로그램 운영 등,2026-03-04
부산광역시광역치매센터,광역치매센터,부산광역시 서구 대신공원로26,부산광역시 서구 동대신동3가 552,35.12031397,129.017942,051-888-3402,051-240-2560,부산광역시,치매예방 챌린지 <기억 쑥쑥 뇌 튼튼 요일표> 프로그램,2026-03-05
사천시치매안심센터,치매안심센터,경상남도 사천시 중앙로 212,경상남도 사천시 벌리동 104-1,34.94435219,128.0811474,055-831-2114,055-831-5860,경상남도 사천시,치매조기검진 및 등록사업+맞춤형사례관리+치매치료관리비 지원+조호물품 제공+치매환자 쉼터 및 가족카페 운영+치매예방교실 운영+치매인식개선 사업+치매어르신 실종예방 사업,2026-02-12
화순군치매안심센터,치매안심센터,전라남도 화순군 화순읍 충의로 40,전라남도 화순군 화순읍 삼천리 701,35.055391,126.982021,061-379-5318,061-379-5317,전남광주통합특별시 화순군,치매선별검사+치매예방프로그램+치매인지재활프로그램+치매가족 지원+치매치료관리비 지원 등,2026-01-22
여수시치매안심센터,치매안심센터,전라남도 여수시 신월로 794,전라남도 여수시 봉강동 323-11,34.73912089,127.7260546,061-659-5440,061-659-5440,전남광주통합특별시 여수시,치매선별검사(MMSE-DS)+치매조기검진비 지원+치매치료관리비 지원+치매실종예방서비스 지원+치매파트너모집+치매예방프로그램+치매환자가족프로그램,2026-02-13
화천군 치매안심센터,치매안심센터,강원특별자치도 화천군 화천읍 강변로 111,강원특별자치도 화천군 화천읍 중리 242-4,38.10734123,127.709121,033-442-4424,033-440-2809,강원특별자치도 화천군,치매검사+원격진료+주간재활프로그램 운영,2026-03-13
서구치매안심센터,치매안심센터,대구광역시 서구 북비산로 71길 7,대구광역시 서구 비산동 42-107,35.88016031,128.5723999,053-663-3811,053-663-3811,대구광역시 서구,치매조기검진+치매예방프로그램+쉼터인지재활프로그램+치매가족교실 등,2026-02-02
동구보건소 치매안심센터,치매안심센터,대구광역시 동구 동촌로 79,대구광역시 동구 검사동 1005-8,35.88812099,128.651234,053-662-3175,053-662-3175,대구광역시 동구,인지재활 및 가족지지 프로그램,2026-03-20
동대문구 치매안심센터,치매안심센터,서울특별시 동대문구 홍릉로 81,서울특별시 동대문구 청량리동 203-1,37.58751921,127.0427044,02-2171-6087,02-957-3062,서울특별시 동대문구,치매조기검진+치매환자 등록관리+치매환자 인지재활프로그램+가족치유 프로그램+기억키움학교 운영,2026-02-20
당진시치매안심센터,치매안심센터,충청남도 당진시 서부로 56,충청남도 당진시 채운동 1040,36.887359689,126.6304725078,041-360-6269,041-360-6269,충청남도 당진시,"치매 상담 및 등록관리 사업, 치매 조기검진 사업, 치매 예방관리 사업, 치매환자 관리 지원사업, 치매 가족 및 보호자 지원사업, 치매인식개선 및 교육홍보 사업, 치매안심마을 운영, 치매 주간보호소 운영",2026-01-05
진해보건소 치매안심센터,치매안심센터,경상남도 창원시 진해구 중원동로 62,경상남도 창원시 진해구 중앙동 11-1,35.149898,128.661939,055-225-6692,055-225-6692,경상남도 창원시,치매인지재활+치매가족모임+무료치매검사+치매극복의날 기념행사,2026-01-29
마산보건소 치매안심센터,치매안심센터,경상남도 창원시 마산합포구 월영동북로15,경상남도 창원시 마산합포구 해운동 61-1,35.1823985097,128.5628996684,055-225-5993,055-225-5993,경상남도 창원시,치매인지재활+치매가족모임+무료치매검사+치매극복의날 기념행사,2026-01-29
창원보건소 치매안심센터,치매안심센터,경상남도 창원시 성산구 마디미로73번길 10,경상남도 창원시 성산구 상남동 37-3,35.218325,128.6823024,055-225-5748,055-225-5794,경상남도 창원시,치매인지재활+치매가족모임+무료치매검사+치매극복의날 기념행사,2026-01-29
화성시치매안심센터 동부분소,치매안심센터,경기도 화성시 병점구 떡전골로 72-3,경기도 화성시 병점구 병점동 400-6,37.20527854,127.0349013,031-5189-1080,031-5189-4431,경기도 화성시,치매조기검진사업+치매인식개선 및 예방사업+가족교육사업+맞춤형 사례관리사업,2026-02-01
화성시치매안심센터 동탄분소,치매안심센터,경기도 화성시 동탄구 노작로 226-9,경기도 화성시 동탄구 석우동 60,37.20701031,127.078776121,031-5189-1080,031-5189-4377,경기도 화성시,치매조기검진사업+치매인식개선 및 예방사업+가족교육사업+쉼터 운영사업+맞춤형 사례관리사업,2026-02-01
화성시치매안심센터 봉담분소,치매안심센터,경기도 화성시 효행구 봉담읍 동화새터길 109,경기도 화성시 효행구 봉담읍 동화리 614,37.21705403,126.9611275,031-5189-1080,031-5189-6269,경기도 화성시,치매조기검진사업+치매인식개선 및 예방사업+가족교육사업+맞춤형 사례관리사업,2026-02-01
화성시치매안심센터,치매안심센터,경기도 화성시 만세구 향남읍 3.1만세로 1055,경기도 화성시 만세구 향남읍 발안리 309,37.12928395,126.9046036,031-5189-1080,031-5189-1080,경기도 화성시,치매조기검진사업+치매인식개선 및 예방사업+가족교육사업+맞춤형 사례관리사업,2026-02-01
상주시치매안심센터,치매안심센터,경상북도 상주시 중앙로 111,경상북도 상주시 무양동 33-4,36.41690111,128.1499972,054-535-4000,054-537-6514,경상북도 상주시,치매통합관리서비스,2026-01-20
해남군 치매안심센터,치매안심센터,전라남도 해남군 해남읍 해남로 46,전라남도 해남군 해남읍 해리 186,34.57046051,126.6120436,061-531-3704,061-531-3704,전남광주통합특별시 해남군,치매조기검진+사례관리+치매환자 쉼터 및 가족지원+치매예방 등 프로그램,2026-01-01
부안군 치매안심센터,치매안심센터,전북특별자치도 부안군 부안읍 오리정로 124,전북특별자치도 부안군 부안읍 봉덕리 551-2,35.72283463,126.7355916,,063-580-3066,전북특별자치도 부안군,무료치매검사+진단검사+치매극복의 날 기념행사+쉼터 운영 등,2026-01-15
임실군치매안심센터,치매안심센터,전북특별자치도 임실군 임실읍 호국로 1680,전북특별자치도 임실군 임실읍 이도리 270-8,35.6124995,127.2869773,063-640-3100,063-640-3371,전북특별자치도 임실군,치매상담 및 등록관리+치매인식개선 및 예방사업+쉼터 및 가족지원사업+치매환자 맞춤형 집중 사례관리+치매환자 배회감지기 지원사업,2026-01-27
남원시 치매안심센터,치매안심센터,전북특별자치도 남원시 요천로 1285,전북특별자치도 남원시 조산동 455,35.39783844,127.3639897,063-620-7725,063-620-7725,전북특별자치도 남원시,치매인식 개선 및 예방사업+치매조기검진+맞춤형 사례관리+치매치료관리비지원+조호물품 지원+치매환자 및 가족지원사업+치매 극복의 날 기념행사+치매안심마을 운영 등,2026-01-12
안산시상록수치매안심센터,치매안심센터,"경기도 안산시 상록구 차돌배기로1길 5, 상록수보건소 3층",경기도 안산시 상록구 사동 1584,37.30026357,126.8450629,1666-1234,031-481-5848,경기도 안산시,조기검진+약제비지원+사례관리+예방교육+쉼터및가족카페운영+치매파트너양성,2026-02-24
안산시단원치매안심센터,치매안심센터,"경기도 안산시 단원구 화랑로 250, 단원보건소 3층",경기도 안산시 단원구 초지동 666-8,37.32106713,126.8152625,1666-1234,031-481-6541,경기도 안산시,조기검진+약제비지원+사례관리+예방교육+쉼터및가족카페운영+치매파트너양성,2026-02-24
광산구치매안심센터,치매안심센터,광주광역시 광산구 용아로379번길 77(산정동,광주광역시 광산구 산정동 1033,35.17615122,126.8002346,062-960-6930,062-960-6930,전남광주통합특별시 광산구,치매조기검진+인지프로그램+가족지원사업+사례관리+조호물품+인식개선 등,2026-02-04
부산광역시남구치매안심센터,치매안심센터,부산광역시 남구 못골로 23,부산광역시 남구 대연동 1268-3,35.13606784,129.0849507,051-607-3781,051-607-3781,부산광역시 남구,치매조기검진+인지재활프로그램+고위험군 인지강화교실+치매예방교실 등,2026-02-11
강서구치매안심센터,치매안심센터,"서울특별시 강서구 화곡로 371, 경향교회선교관 3층",,37.556963,126.8522421,02-2600-5877,02-3663-0943,서울특별시 강서구,무료치매검진 및 진단+치매예방교육+치매예방인지재활프로그램+치매가족지지 프로그램+실종예방프로그램+조호물품지원 등,2026-02-06
고성군치매안심센터,치매안심센터,경상남도 고성군 고성읍 중앙로 35,경상남도 고성군 고성읍 성내리 27,34.97451724,128.3244477,055-670-4851,055-670-4851,경상남도 고성군,치매조기검진+치매치료관리비+검진비 지원+치매환자 조호물품 제공+치매환자 실종예방 사업+치매환자 쉼터+예방교실 운영+치매환자 가족지원사업+인식개선 교육·홍보,2026-01-30
양산시치매안심센터,치매안심센터,경상남도 양산시 중앙로 7-32,경상남도 양산시 다방동 506-3,35.33215753,129.0379947,055-392-5175,055-392-5175,경상남도 양산시,치매조기검진 및 예방 사업+치매치료비 지원+치매 환자 및 가족 지원 사업,2026-01-20
거제시 치매안심센터,치매안심센터,경상남도 거제시 거제중앙로13길 25,경상남도 거제시 고현동 159-11,34.88218472,128.6236992,055-639-6200,055-639-6226,경상남도 거제시,치매환자 등록 및 관리+치매조기검진+치매예방교육 및 인식개선+치매가족교육 및 자조모임+치매환자 쉼터프로그램운영,2026-01-16
김해시서부보건소분소,치매안심센터,경상남도 김해시 능동로 149,경상남도 김해시 부곡동 1157-8,35.202341,128.8072142,055-330-8391,055-330-8391,경상남도 김해시,치매상담 및 등록,2026-01-26
치매안심센터 주촌분소,치매안심센터,경상남도 김해시 주촌면 주선로 29-1,경상남도 김해시 주촌면 선지리 635-1,35.234777,128.845757,055-320-5971,055-320-5971,경상남도 김해시,치매조기검진(선별+진단검사),2026-01-26
김해시치매안심센터,치매안심센터,경상남도 김해시 분성로727번길 8-35,경상남도 김해시 지내동 327-2,35.230025,128.922444,055-320-5961,055-320-5961,경상남도 김해시,인지재활프로그램,2026-01-26
영양군치매안심센터,치매안심센터,"경상북도 영양군 영양읍 동서대로 82, 3층 치매안심센터",경상북도 영양군 영양읍 동부리 164-1,36.66194441,129.1180656,054-680-5126,054-680-5126,경상북도 영양군,치매조기검진 및 등록사업+사례관리+치매치료관리비 지원+조호물품제공+치매환자쉼터 및 가족카페 운영+치매인식개선 및 교육홍보+치매어르신 실종예방 사업 등,2025-12-22
보령시치매안심센터,치매안심센터,충청남도 보령시 대천로 119,충청남도 보령시 죽정동 703-1,36.35633335,126.6045349,041-930-6871,041-930-6871,충청남도 보령시,건강체조+공예+웃음치료+노래교실+요리 등,2026-01-12
괴산군치매안심센터,치매안심센터,충청북도 괴산군 괴산읍 동진천길 43,충청북도 괴산군 괴산읍 동부리 641,36.80799723,127.7966873,043-830-2392,043-830-2392,충청북도 괴산군,치매선별검사+치매진단검사+가족교실+인지교실 등,2026-01-07
양평군치매안심센터,치매안심센터,경기도 양평군 양평읍 중앙로111번길 34-21,경기도 양평군 양평읍 공흥리 310-9,37.4966134,127.5051941,031-771-5773,031-771-5773,경기도 양평군,치매조기검진+치매환자지원사업 등,2026-01-07
남부치매안심센터,치매안심센터,경기도 이천시 장호원읍 서동대로8809번길 30-15,경기도 이천시 장호원읍 장호원리 371-1,37.11672581,127.6148957,031-6190-7227,031-6190-7227,경기도 이천시,치매조기검진사업+치매치료관리비지원사업+치매쉼터프로그램운영+치매환자가족(헤아림) 교육 및 자조모임운영+치매예방 홍보 교육 및 캠페인+치매파트너 모집+치매관련 정보제공+치매환자 배회인식표 제공+자원연계,2026-01-04
이천시치매안심센터,치매안심센터,경기도 이천시 부악로36 이천시보건소 1층,경기도 이천시 중리동 491 이천시보건소 1층,37.273877,127.433285,031-6190-7211,031-6190-7211,경기도 이천시,치매조기검진사업+치매치료관리비지원사업+치매쉼터프로그램운영+치매환자가족(헤아림) 교육 및 자조모임운영+치매예방 홍보 교육 및 캠페인+치매파트너 모집+치매관련 정보제공+치매환자 배회인식표 제공+자원연계,2026-01-04
동두천시치매안심센터,치매안심센터,경기도 동두천시 거북마루로 49,경기도 동두천시 생연동 714-10,37.89626429,127.0516304,031-860-3395,031-860-3395,경기도 동두천시,"치매조기검사(선별검사,진단검사,감별검사)+치매예방교육+인지강화프로그램+치매환자및가족지원프로그램 등",2026-01-09
울산중구치매안심센터,치매안심센터,울산광역시 중구 외솔큰길 225,울산광역시 중구 남외동 603-2,35.5694483,129.3504562,052-290-4367,052-290-4290,울산광역시 중구,무료치매선별검사+치매예방 인지건강프로그램+치매예방 가족교육,2026-01-20
부산광역시영도구치매안심센터,치매안심센터,부산광역시 영도구 태종로 423,부산광역시 영도구 청학동 48-3,35.0912179,129.067935,,051-419-4935,부산광역시 영도구,치매상담 및 정보 제공+치매조기검진+치매가구 맞춤형 사례관리+치매예방 및 인지강화교실 운영+치매환자 단기보호쉼터 운영+치매가족교실 및 힐링까페 운영+치매치료관리비 지원+치매환자 조호물품 지원+치매인식개선사업 운영 등,2025-12-11
중구치매안심센터,치매안심센터,"부산광역시 중구 흑교로 48, 중구복합건강센터 2층",부산광역시 중구 보수동1가 95-3,35.10376894,129.0253557,051-600-4688,051-600-4688,부산광역시 중구,치매초기상담+조기검진+1:1 사례관리+치매치료비지원 등,2026-01-14
강남구치매안심센터,치매안심센터,서울특별시 강남구 선릉로108길 27,서울특별시 강남구 삼성동 113-26,37.5103126,127.0463796,02-3423-7123,02-568-4203,서울특별시 강남구,치매선별검사+인지건강증진프로그램운영 등,2026-01-27
음성군치매안심센터,치매안심센터,충청북도 음성군 음성읍 중앙로 49,충청북도 음성군 음성읍 읍내리 406-4,36.928899,127.688876,043-871-2971,043-871-2971,충청북도 음성군,치매인식개선사업+치매조기검진+치매극복의 날 기념행사+치매예방 및 관리 프로그램 운영 등,2025-12-26
가평군치매안심센터,치매안심센터,경기도 가평군 가평읍 가화로 155-18,경기도 가평군 가평읍 읍내리 624-1,37.83344764,127.5106291,031-580-2849,031-580-2849,경기도 가평군,맞춤형사례관리+인지강화 및 치매예방교실+단기쉼터운영+치매파트너 및 파트너플러스 양성+치매가족지지프로그램+인식강화 등,2025-12-24
제천시치매안심센터,치매안심센터,충청북도 제천시 의림대로 242,충청북도 제천시 청전동 110,37.1493417,128.2160865,043-646-2720,043-641-3058,충청북도 제천시,"치매조기검진, 치매예방 및 인지강화 프로그램, 치매환자지원(쉼터, 치료비, 조호물품 등), 치매인식개선홍보 및 치매파트너 양성 등",2025-12-18
남부치매안심센터,치매안심센터,경기도 여주시 점동면 청안2길 20,,37.20378959,127.6599867,031-887-3493,031-887-3493,경기도 여주시,예방프로그램+쉼터+치매인식개선사업+조기검진사업,2025-12-22
북부치매안심센터,치매안심센터,경기도 여주시 대신면 풍양1길 16,,37.37205549,127.5852432,031-887-3497,031-887-3497,경기도 여주시,예방프로그램+쉼터+치매인식개선사업+조기검진사업,2025-12-22
여주시치매안심센터,치매안심센터,경기도 여주시 여흥로 160번길 12,,37.29477832,127.6399084,031-887-3685,031-887-3685,경기도 여주시,예방프로그램+쉼터+치매인식개선사업+조기검진사업,2025-12-22
밀양시치매안심센터,치매안심센터,경상남도 밀양시 삼문중앙로 41,경상남도 밀양시 삼문동 159-1,35.48567011,128.7560608,055-359-7020,055-359-7086,경상남도 밀양시,"맞춤형 인지재활 프로그램, 치매환자가족교실, 치매파트너 등",2025-12-22
영광군치매안심센터,치매안심센터,전라남도 영광군 영광읍 신남로4길 17,전라남도 영광군 영광읍 남천리 326,35.274681,126.504163,061-350-4817,061-350-4806,전남광주통합특별시 영광군,치매 조기검진+진단검사+치료관리비 및 검사비 지원+치매예방교실+인지강화교실+쉼터+치매환자가족모임 운영+조호물품 지원+사례관리 등,2024-07-25
봉화군치매안심센터,치매안심센터,경상북도 봉화군 봉화읍 봉화로 1203,경상북도 봉화군 봉화읍 내성리 285,36.89071878,128.7418543,,054-679-6791,경상북도 봉화군,치매상담 및 등록+치매 조기검진+치매환자 조호물품 지원+치매환자 배회감지기 지원+치매치료관리비 지원+치매환자 맞춤형 사례관리+치매환자쉼터(봉화+춘양+재산+명호) 운영+치매보듬마을 조성사업+치매인식개선 교육 및 홍보+치매선도학교 및 서포터즈 운영+치매보듬쉼터 운영+치매예방 인지강화프로그램 운영+치매안심병원 성과기반 인센티브 제공 시범사업 운영+산림농업 치유프로그램 연계사업 운영,2024-09-26
나주시 치매안심센터,치매안심센터,전라남도 나주시 풍물시장2길 57-32,전라남도 나주시 이창동 740-1,34.99522825,126.7082249,061-339-4764,061-339-4772,전남광주통합특별시 나주시,치매조기검진+치매 예방 프로그램+인지강화 프로그램+치매환자 쉼터 운영+치매환자 가족 교실 운영,2024-08-19
칠곡군 치매안심센터,치매안심센터,경상북도 칠곡군 왜관읍 관문로1길 30,,35.99070797,128.4186406,054-973-3321,054-973-4000,경상북도 칠곡군 주민생활지원과,"치매검진, 맞춤형 사례관리, 예방 및 인지강화 프로그램, 가족지원 사업, 홍보 및 교육 등",2024-08-08
양구군치매안심센터,치매안심센터,강원특별자치도 양구군 양구읍 관공서로 42,강원특별자치도 양구군 양구읍 하리 34-5,38.10994629,127.9892065,033-481-2400,033-480-2823,강원특별자치도 양구군,치매환자 쉼터+치매 검진+사례관리,2024-09-06
시흥시 치매안심센터(북부),치매안심센터,경기도 시흥시 호현로 55,경기도 시흥시 대야동 484-3,37.445591,126.7852982158,031-310-6067,031-310-5857,경기도 시흥시,치매조기검진+치매의료비 및 검진비 지원+치매예방교육+치매환자쉼터 및 가족지원사업 등,2025-11-04
시흥시 치매안심센터(남부),치매안심센터,경기도 시흥시 정왕대로233번길 19,경기도 시흥시 정왕동 1799-5,37.3467224002,126.7401533604,031-310-5942,031-310-5930,경기도 시흥시,치매조기검진+치매의료비 및 검진비 지원+치매예방교육+치매환자쉼터 및 가족지원사업 등,2025-11-04
시흥시 치매안심센터(중부),치매안심센터,경기도 시흥시 목감우회로 23,경기도 시흥시 조남동 697,37.381696,126.8587650,031-310-6823,031-310-6825,경기도 시흥시,치매조기검진+치매의료비 및 검진비 지원+치매예방교육+치매환자쉼터 및 가족지원사업 등,2025-11-04
금산군치매안심센터,치매안심센터,충청남도 금산군 금산읍 비범1길 5,충청남도 금산군 금산읍 중도리 214-3,36.1095223,127.4934473,041-635-4339,041-750-4460,충청남도 금산군,치매상담+등록관리+조기검진+인지재활프로그램+치매치료관리비지원+치매주간보호센터 운영 등,2025-11-04
신안군치매안심센터,치매안심센터,"전라남도 신안군 압해읍 천사로 1004, 보건소 1층",전라남도 신안군 압해읍 신장리 462-10,34.83360218,126.3514253,061-243-8081,061-243-8081,전라남도,치매조기검진+사례관리,2025-11-05
진도군치매안심센터,치매안심센터,전라남도 진도군 진도읍 남동1길 40-9,전라남도 진도군 진도읍 남동리 776-26,34.48037351,126.2629165,061-540-6964,061-540-6964,전라남도,등록관리+예방교실 운영,2025-11-05
완도군치매안심센터,치매안심센터,전라남도 완도군 완도읍 농공단지길 34,전라남도 완도군 완도읍 죽청리 483-8,34.33582329,126.7313246,061-550-5810,061-550-5810,전라남도,치매조기검진+사례관리+치료비 지원,2025-11-05
장성군치매안심센터,치매안심센터,전라남도 장성군 장성읍 성산5길 17,전라남도 장성군 장성읍 성산리 178-2,35.3233003,126.808367,061-390-7161,061-390-7161,전라남도,치매조기검진+상담 및 등록관리+프로그램운영,2025-11-05
영광군치매안심센터,치매안심센터,전라남도 영광군 영광읍 신남로 4길 17,전라남도 영광군 영광읍 남천리 326-5,35.27468261,126.5041643,061-350-4806,061-350-4806,전라남도,등록관리+프로그램 운영,2025-11-05
함평군치매안심센터,치매안심센터,전라남도 함평군 함평읍 중앙길 54-8,전라남도 함평군 함평읍 기각리 253,35.06215283,126.524249,061-320-2390,061-320-2390,전라남도,치매조기검진+쉼터운영,2025-11-05
무안군치매안심센터,치매안심센터,전라남도 무안군 무안읍 불무로 38-9,전라남도 무안군 무안읍 교촌리 127-10,34.98830267,126.4735676,061-450-5075,061-450-5075,전라남도,치매조기검진+상담 및 등록관리+프로그램운영,2025-11-05
영암군치매안심센터,치매안심센터,전라남도 영암군 영암읍 오리정길 39,전라남도 영암군 영암읍 춘양리 525,34.79533941,126.7033414,061-470-6030,061-470-6030,전라남도,쉼터+안심마을,2025-11-05
해남군치매안심센터,치매안심센터,전라남도 해남군 해남읍 해남로 46,전라남도 해남군 해남읍 해리 186,34.57046123,126.6120439,061-531-3703,061-531-3703,전라남도,치매환자쉼터+가족교실+치매예방 및 인지강화교실,2025-11-05
강진군치매안심센터,치매안심센터,전라남도 강진군 강진읍 목리길 11,전라남도 강진군 강진읍 동성리 66-3,34.63833623,126.775710,061-430-5294,061-430-5294,전라남도,등록관리+치매조기검진+프로그램 운영,2025-11-05
장흥군치매안심센터,치매안심센터,전라남도 장흥군 장흥읍 동교1길 13,전라남도 장흥군 장흥읍 건산리 752-1,34.67707296,126.9070034,061-860-6498,061-860-6498,전라남도,등록관리+조기검진+프로그램 운영,2025-11-05
화순군치매안심센터,치매안심센터,전라남도 화순군 화순읍 충의로 40,전라남도 화순군 화순읍 삼천리 701,35.05539364,126.9820968,061-379-5317,061-379-5317,전라남도,치매조기검진+프로그램 운영,2025-11-05
보성군치매안심센터,치매안심센터,전라남도 보성군 보성읍 갱맹골길 206,전라남도 보성군 보성읍 주봉리 529,34.76645647,127.0712437,061-850-8695,061-850-8695,전라남도,조기검진+치매등록+쉼터+인지강화교실,2025-11-05
고흥군치매안심센터,치매안심센터,전라남도 고흥군 고흥읍 등암3길 5,전라남도 고흥군 고흥읍 등암리 1258-21,34.5919855,127.2692469,061-830-6969,061-830-6969,전라남도,조기검진+치매관리,2025-11-05
구례군치매안심센터,치매안심센터,전라남도 구례군 구례읍 동편제길 30,전라남도 구례군 구례읍 백련리 576,35.21607284,127.4617801,061-780-2026,061-780-2026,전라남도,치매쉼터프로그램+치매예방교실+인지강화 교실,2025-11-05
곡성군치매안심센터,치매안심센터,전라남도 곡성군 곡성읍 곡성로 854,전라남도 곡성군 곡성읍 읍내리 220,35.27886716,127.2969046,061-360-8980,061-360-8980,전라남도,등록관라+쉼터운영+예방,2025-11-05
담양군치매안심센터,치매안심센터,전라남도 담양군 담양읍 완동길 10-5,전라남도 담양군 담양읍 만성리 116-1,35.32470177,126.9807438,061-380-2971,061-380-2971,전라남도,치매환자 쉼터 운영+조기검진,2025-11-05
광양시치매안심센터,치매안심센터,전라남도 광양시 광양읍 호북길 13-3,전라남도 광양시 광양읍 칠성리 898-3,34.98010194,127.583610,061-797-4059,061-797-4059,전라남도,치매조기검진+상담등록관리 운영,2025-11-05
나주시치매안심센터,치매안심센터,전라남도 나주시 풍물시장2길 57-32,전라남도 나주시 이창동 740-1,34.99522645,126.708224,061-339-4771,061-339-4771,전라남도,치매조기검진+프로그램 운영,2025-11-05
순천시치매안심센터,치매안심센터,전라남도 순천시 중앙로 232,전라남도 순천시 석현동 35-6,34.96667705,127.4860726,061-749-8888,061-749-8888,전라남도,치매선별검사+인지재활프로그램,2025-11-05
여수시치매안심센터,치매안심센터,전라남도 여수시 신월로 794,전라남도 여수시 봉강동 323-11,34.73915914,127.7260493,061-659-5440,061-659-5440,전라남도,등록관리+프로그램 운영,2025-11-05
광진구치매안심센터,치매안심센터,서울특별시 광진구 긴고랑로110+중곡종합건강센터 3층,서울특별시 광진구 중곡동 125-11+중곡종합건강센터 3층,37.55933917,127.0870892,02-450-1966,02-450-1381,서울특별시 광진구,치매조기검진+맞춤형 인지프로그램 운영+사례관리+조호물품 지원+치매치료비지원+치매공공후견사업+기억키움쉼터 및 가족카페 운영,2025-11-03
부산광역시 동구보건소 치매안심센터,치매안심센터,부산광역시 동구 구청로 14,부산광역시 동구 수정동 819-54,35.12832585,129.0450622,051-440-6443,051-440-6443,부산광역시 동구,치매조기검진+쉼터+인지재활프로그램+가족지원사업 등,2025-11-05
오산시치매안심센터,치매안심센터,경기도 오산시 경기대로 307,경기도 오산시 오산동 850-1,37.15233882,127.0731395,031-8036-8036,031-8036-6633,경기도 오산시,치매환자 등록관리+치매조기검사+치매극복의날 기념행사+치매예방프로그램+인지재활프로그램+가족헤아림교실+치매안심마을운영 등,2025-11-05
의왕시치매안심센터,치매안심센터,경기도 의왕시 오봉로 34,경기도 의왕시 고천동 108,37.3437876927,126.9719938053,031-345-3851,031-345-3851,경기도 의왕시,치매조기검진사업+쉼터 운영+가족교실+인지강화교육+치매 치료비지원+치매인식개선+치매안심마을 운영+치매예방교육+조호물품지원+실종예방GPS 및 가스안심콕 제공+맞춤형 사례관리,2025-11-06
함안군 치매안심센터,치매안심센터,경상남도 함안군 군북면 함마대로 768-3,경상남도 함안군 군북면 중암리 106,35.2639061,128.3428857,055-580-3242,055-580-3240,경상남도 함안군,치매예방교육+치매조기검진사업+치매환자 등록관리+치매치료관리비지원+인지재활프로그램및치매쉼터운영+치매환자가족지원,2025-11-10
옥천군치매안심센터,치매안심센터,충청북도 옥천군 옥천읍 가화4길 18,충청북도 옥천군 옥천읍 금구리 229-9,36.30519083,127.5614242,043-730-2114,043-730-2158,충청북도 옥천군,치매조기검진+치매환자 및 가족지원사업+치매인식개선 홍보 및 교육,2025-09-30
증평군치매안신셈터,치매안심센터,충청북도 증평군 증평읍 보건복지로 64-1,충청북도 증평군 증평읍 내성리 57-2,36.77424904,127.5867247,043-835-4783,043-835-4782,충청북도 증평군,치매 기억력 검진+치매환자 인지재활 프로그램+치매환자 가족교실+자조모임+치매 예방교육+치매안심마을 조성,2025-11-04
충청북도 청주시 청원구 치매안심센터,치매안심센터,충청북도 청주시 청원구 오창읍 과학산업3로 238,충청북도 청주시 청원구 오창읍 각리 639-1 청원보건소 치매안심센터,36.71040635,127.4304713,043-201-4360,043-201-4377,충청북도 청주시,치매조기검진+치매치료관리비및검진비지원+치매예방교육+인지강화교실+치매안심마을운영+치매환자맞춤형사례관리+치매공공후견인+치매환자쉼터및가족지원사업+치매파트너운영+돌봄재활사업+등,2025-11-07
충청북도 청주시 흥덕구 치매안심센터,치매안심센터,충청북도 청주시 흥덕구 대농로 88,충청북도 청주시 흥덕구 복대동 3402 흥덕보건소 치매안심센터,36.64147861,127.4315238,043-201-4330,043-201-4333,충청북도 청주시,치매조기검진+치매치료관리비및검진비지원+치매예방교육+인지강화교실+치매안심마을운영+치매환자맞춤형사례관리+치매공공후견인+치매환자쉼터및가족지원사업+치매파트너운영+돌봄재활사업+등,2025-11-07
충청북도 청주시 서원구 치매안심센터,치매안심센터,"충청북도 청주시 서원구 구룡산로 235, 3층 (수곡동, 위너스빌)",충청북도 청주시 서원구 수곡동 901 서원보건소 치매안심센터,36.616052,127.4713305,043-201-3710,043-201-3711,충청북도 청주시,치매조기검진+치매치료관리비및검진비지원+치매예방교육+인지강화교실+치매안심마을운영+치매환자맞춤형사례관리+치매공공후견인+치매환자쉼터및가족지원사업+치매파트너운영+돌봄재활사업+등,2025-11-07
충청북도 청주시 상당구 치매안심센터,치매안심센터,충청북도 청주시 상당구 남일면 단재로 480,충청북도 청주시 상당구 남일면 효촌리 92-2 상당보건소 치매안심센터,36.58855535,127.5053143,043-201-4306,043-201-3637,충청북도 청주시,치매조기검진+치매치료관리비및검진비지원+치매예방교육+인지강화교실+치매안심마을운영+치매환자맞춤형사례관리+치매공공후견인+치매환자쉼터및가족지원사업+치매파트너운영+돌봄재활사업+등,2025-11-07
충청북도광역치매센터,광역치매센터,"충청북도 청주시 서원구 1순환로 767, 지오빌딩 3층",충청북도 청주시 서원구 개신동 50-5 지오빌딩 3층,36.625449,127.463825,043-220-3192,043-269-6891,충청북도 청주시,치매인력전문화교육+치매극복의날기념식+치매극복걷기대회+치매파트너운영+치매특화사업개발+치매연구조사+등,2025-11-07
부산광역시 수영구 치매안심센터,치매안심센터,부산광역시 수영구 수영로 637-5(광안동),부산광역시 수영구 광안동 661-1,35.16247327,129.1134875,051-752-4000,051-752-4000,부산광역시 수영구,"치매조기검진, 치매예방프로그램, 치매환자 지원사업, 치매 인식개선 홍보 캠페인 등",2025-11-10
영통구치매안심센터,치매안심센터,경기도 수원시 영통구 영통로 396,경기도 수원시 영통구 영통동 961-18,37.2568819,127.0697092,031-5191-0821,031-5191-0824,경기도 수원시,치매조기검진+치매치료관리비지원+인지프로그램운영+치매가족지지프로그램 운영 등,2025-11-14
팔달구치매안심센터,치매안심센터,경기도 수원시 팔달구 팔달산로 6(교동),경기도 수원시 팔달구 교동 56-1,37.271433,127.0125194,031-5159-0622,031-5159-0630,경기도 수원시,치매조기검진+치매치료관리비지원+인지프로그램운영+치매가족지지프로그램 운영 등,2025-11-14
대구달서구치매안심센터,치매안심센터,대구광역시 달서구 와룡로 106,대구광역시 달서구 본리동 64-1,35.84208791,128.5376272,053-667-5780,053-667-5780,대구광역시 달서구,치매예방교실운영+치매인지강화교실운영+치매쉼터(인지재활교실)운영+가족지원프로그램운영 및 자조모임운영+치매극복의 날 기념행사 등,2025-04-03
경주시 치매상담센터,치매안심센터,경상북도 경주시 봉황로 178,경상북도 경주시 성건동 620-83,35.85535748,129.2105107,054-779-8614,054-760-2950,경상북도 경주시,치매조기검진+치매치료비지원+치매쉼터운영+치매가족프로그램 운영+치매예방교육 및 상담+치매인식개선사업+치매보듬마을 조성,2025-04-07
의령군치매안심센터,치매안심센터,경상남도 의령군 의령읍 의병로8길 16-1,경상남도 의령군 의령읍 서동리 534,35.31740278,128.2554461,055-570-4072,055-570-4072,경상남도 의령군,치매환자쉼터+치매예방교실+맞춤형 사례관리,2024-11-19
광주시 치매안심센터,치매안심센터,경기도 광주시 초월읍 경충대로 1009-40 (쌍동리),경기도 광주시 초월읍 쌍동리 163-7,37.36884573,127.3027505,031-760-2000,031-760-8719,경기도 광주시,치매 조기검진+ 인지강화 프로그램+ 치매예방교실 등 치매 예방관리 통합서비스 제공,2025-06-25
원주시치매안심센터,치매안심센터,강원특별자치도 원주시 지니기길 11-20,강원특별자치도 원주시 무실동 708-9,37.32470828,127.9252620818,033-737-4541,033-737-4541,강원특별자치도 원주시,"치매조기검사  및 환자 등록, 맞춤형사례관리, 교육프로그램 운영등",2025-06-30
경상북도고령군치매안심센터,치매안심센터,경상북도 고령군 대가야읍 왕릉로 56-5,경상북도 고령군 대가야읍 지산리 232-8,35.72523517,128.2648137,054-954-1300,054-950-7961,경상북도 고령군,무료치매검사+치매극복의날기념행사+치매홍보서포터즈 운영+치매환자쉼터+인지향상프로그램+예방프로그램+가족교실+가족자조모임+힐링프로그램+우리마을예쁜치매쉼터+치매안심마을 등,2025-06-25
김제시 치매안심센터,치매안심센터,전북특별자치도 김제시 동서8길 52,전북특별자치도 김제시 요촌동 141-8,35.797404,126.888751,063-540-1327,063-547-4000,전북특별자치도 김제시,"인지재활프로그램, 인지강화프로그램, 쉼터카페제공,치매치료비지원, 치매선별검사 및 진단검사 등",2025-07-02
함평군보건소,치매안심센터,전라남도 함평군 함평읍 중앙길 54-8,전라남도 함평군 함평읍 기각리 253,35.0621528289,126.524248,061-320-2390,061-320-2390,전남광주통합특별시 함평군,치매조기검진+치매예방교실+인지향상프로그램+치매치료관리비지원+치매환자등록관리+실종예방사업,2025-05-14
울릉군치매안심센터,치매안심센터,경상북도 울릉군 울릉읍 울릉순환로 396-18,,37.48590672,130.8994626,054-880-3805,054-790-6827,경상북도 울릉군,치매치료관리비지원,2023-06-16
양양군 치매안심센터,치매안심센터,강원특별자치도 양양군 양양읍 양양로 9-5,강원특별자치도 양양군 양양읍 연창리 203-5,38.077845,128.627487,033-670-2565,033-670-2496,강원특별자치도 양양군,치매환자 등록관리/인지재활 프로그램/쉼터 프로그램,2024-11-26
공주시치매안심센터,치매안심센터,충청남도 공주시 옛군청뒷길 8,충청남도 공주시 교동 131,36.45701715,127.1201721,041-840-3315,041-840-3315,충청남도 공주시,치매조기검진+치매노인 지문등록+치매치료관리비 지원+조호물품(위생물품) 제공+치매예방교실+인지강화교실+인지재활프로그램+기타 인지자극 프로그램+헤아림 가족교실+치매가족 힐링 프로그램+치매공공후견 사업+치매어르신주간보호소 운영(위탁)+치매안심마을 운영+치매인식 개선과 교육 및 홍보 사업+배회가능 어르신 인식표 발급 및 GPS 운영,2025-09-30
용인시기흥구치매안심센터,치매안심센터,경기도 용인시 기흥구 신갈로58번길 11,경기도 용인시 기흥구 신갈동 60-3,37.272634,127.106729,031-6193-0369,031-6193-0369,경기도 용인시,치매검사+치매예방교실+치매가족교실+치매환자 쉼터 운영사업+치매치료관리비 지원+조호물품 제공 등,2025-11-27
용인시수지구치매안심센터,치매안심센터,"경기도 용인시 수지구 문정로 20, 3층",경기도 용인시 수지구 풍덕천동 719-4,37.32276658,127.0963428,031-6193-0881,031-6193-0881,경기도 용인시,상담 및 등록관리사업+치매조기검진 및 예방관리사업+치매환자쉼터 운영사업+치매가족 지원사업+치매인식개선 및 교육 홍보사업+치매안심마을 운영,2025-11-27
용인시처인구치매안심센터,치매안심센터,경기도 용인시 처인구 중부대로 1199,경기도 용인시 처인구 삼가동 556,37.24086733,127.1779684,031-6193-0199,031-6193-0199,경기도 용인시,무료치매검사+치매예방프로그램 운영+치매환자 및 가족프로그램 운영+치매인식개선 사업 등,2025-11-27
단양군치매안심센터,치매안심센터,충청북도 단양군 단양읍 수변로 83,충청북도 단양군 단양읍 도전리 632,36.98284257,128.3707522,043-420-3201,043-420-3201,충청북도 단양군,인지재활,2025-09-30
하남시 치매안심센터,치매안심센터,경기도 하남시 미사강변대로 200,경기도 하남시 망월동 980,37.5676545,127.1858194,031-790-6254,031-790-6254,경기도 하남시,"치매상담 및 등록관리사업, 치매조기검진, 예방관리사업 등",2025-11-27
산청군 치매안심센터,치매안심센터,경상남도 산청군 산청읍 중앙로97,경상남도 산청군 산청읍 지리 797,35.41608206,127.8842381,055-970-7647,055-970-7647,경상남도 산청군,등록관리+조기검진+인지강화+예방교실+단기쉼터 및 치매 카페 운영+치매 인식개선 및 홍보+치매치료관리 지원 등,2024-11-13
미추홀구치매안심센터,치매안심센터,"인천광역시 미추홀구 경인로 34번길 20, 5층","인천광역시 미추홀구 숭의동 190-4, 5층",37.46303566,126.6472695,032-728-6520,032-728-6520,인천광역시 미추홀구,치매조기검진+치매치료관리비지원+인지재활프로그램 운영+치매가족교육+치매관련교육+조호물품 제공 등,2024-10-30
미추홀돌봄의집,치매안심센터,"인천광역시 미추홀구 경인로 34번길 20, 6층7층","인천광역시 미추홀구 숭의동 190-4, 6층7층",37.46303566,126.6472695,032-728-6573,032-883-0310,인천광역시 미추홀구,회상요법+미술치료+음악치료 등 인지재활 프로그램,2024-10-30
구례군 치매안심센터,치매안심센터,전라남도 구례군 구례읍 동편제길 30,전라남도 구례군 구례읍 백련리 576,35.21607284,127.4617801,061-780-2006,061-780-2933,전남광주통합특별시 구례군,치매쉼터프로그램+치매예방교실+인지강화 교실,2024-10-07
마포구치매안심센터,치매안심센터,서울특별시 마포구 대흥로 24길 50,,37.55463836,126.9487477,02-3153-9062,02-3272-1578,서울특별시 마포구,치매예방및인식개선사업+치매조기검진 및 등록관리사업+치매치료비및원인확진검사비지원+치매가족지원+공공후견사업,2025-09-09
중구치매안심센터,치매안심센터,"인천광역시 중구 참외전로72번길 21, 4층","인천광역시 중구 전동 2-1, 4층",37.47721594,126.6291077,032-760-6010,032-760-6063,인천광역시 영종구,"치매조기검진(선별,진단,감별검사)+치매환자등록관리+맞춤형사례관리+치매치료관리비 지원+조호물품 지원+치매안심마을 만들기+공공후견인사업운영+치매예방교실 운영(미술활동, 치매예방운동, 보드게임,한지공예,원예교실 등)+가족힐링프로그램(드라이플라워, 자조모임 등)+쉼터운영(운동치료,요리치료,미술치료,음악치료,감각활동,전산화인지재활,인지카드학습)+치매인식개선 및 홍보 사업+치매파트너 양성사업 등",2025-09-09
정선군치매안심센터,치매안심센터,강원특별자치도 정선군 정선읍 녹송로 33,강원특별자치도 정선군 정선읍 봉양리 80-5,37.38005958,128.6714859,033-560-2565,033-560-2565,강원특별자치도 정선군,치매상담 및 등록+치매조기검진사업+치매예방교실+치매환자쉼터+치매가족교실+치매치료비지원+치매환자조호물품지원+치매인식개선사업 등,2025-08-04
안성시 치매안심센터,치매안심센터,경기도 안성시 강변로74번길 18,경기도 안성시 도기동 67-21,37.0001476,127.2698156,031-678-3002,031-678-3002,경기도 안성시,치매조기검진+환자등록+맞춤형 사례관리+치매쉼터 운영+치매예방교실+가족교육+치매치료관리비지원+실종예방 지문등록 및 배회인식표 발급 등,2025-08-04
동구 치매안심센터,치매안심센터,대전광역시 동구 현암로 22 (삼성동),대전광역시 동구 삼성동 374-1,36.34298696,127.4204617,,042-621-6011,대전광역시 동구,치매 조기검진+치매예방 및 인지강화 프로그램+치매환자 조호물품 등 지원+환자가족 상담 및 힐링프로그램 등,2025-07-30
완주군치매안심센터,치매안심센터,전북특별자치도 완주군 삼례읍 삼봉8로 10-12,전북특별자치도 완주군 삼례읍 수계리 1242-1,35.9216752268,127.1225327916,,063-290-3188,전북특별자치도 완주군,무료치매검사+맞춤형사례관리+치매환자가족교실+치매파트너 등,2025-08-05
성북구치매안심센터 분소,치매안심센터,서울특별시 성북구 한천로 568 장위석관지소 3층,,37.610489,127.063389,02-2133-6137,02-918-2223,서울특별시 성북구,치매조기검진+인지카페 기억다방 운영+치매안심마을운영+기억키움학교+치매 찾동 협업 인지강화프로그램 등,2025-08-05
성북구치매안심센터,치매안심센터,서울특별시 성북구 화랑로 63 성북구보건소 5층,,37.602942,127.039536,02-2133-6137,02-918-2223,서울특별시 성북구,치매조기검진+인지카페 기억다방 운영+치매안심마을운영+기억키움학교+치매 찾동 협업 인지강화프로그램 등,2025-08-05
인제군치매안심센터,치매안심센터,강원특별자치도 인제군 인제읍 인제로140번길 34,강원특별자치도 인제군 인제읍 남북리 789-1,38.06327706,128.1685854,,033-460-2523,강원특별자치도 인제군,무료치매검사+경증치매환자단기쉼터운영+ 인지재활프로그램+ 정상군 치매예방교실+치매고위험군 인지강화교실+ 치매인식개선+ 기타 치매환자 조호물품+ 치매치료관리지지원+실종예방사업,2024-12-13
영동군치매안심센터,치매안심센터,충청북도 영동군 영동읍 반곡동길 7,충청북도 영동군 영동읍 매천리 444-1,36.16849628,127.7759673,043-740-5941,043-740-5941,충청북도 영동군,치매예방교실+인지강화교실+쉼터,2023-12-01
대구광역시 수성구 치매안심센터,치매안심센터,대구광역시 수성구 수성로 213,,35.84495927,128.6119385,053-666-4866,053-666-3181,대구광역시 수성구,치매조기검진+치매환자 및 가족 프로그램운영+인식개선활동 및 홍보 등,2025-07-18
삼척시치매안심센터,치매안심센터,강원특별자치도 삼척시 척주로 76,강원특별자치도 삼척시 남양동 347-4,37.44374981,129.172207,033-572-4000,033-570-4327,강원특별자치도 삼척시,치매조기검진+치매환자 등록관리+치매예방교실+치매환자 쉼터 운영 등,2025-07-22
부산광역시 동래구 치매안심센터,치매안심센터,부산광역시 동래구 명륜로187번길 56,부산광역시 동래구 명륜동 702-54,35.211408,129.079856,051-555-4000,051-555-6767,부산광역시 동래구,치매상담 및 등록관리+치매조기검진 및 예방관리+치매환자쉼터 운영+치매가족 지원+치매인식개선 및 교육홍보 등,2025-07-23
정읍시 치매안심센터,치매안심센터,전북특별자치도 정읍시 금붕1길 215,전북특별자치도 정읍시 금붕동 949-3,35.55439734,126.893609,,063-539-6942,전북특별자치도 정읍시,치매 예방프로그램+인지강화프로그램+쉼터+가족지원사업 등,2025-07-23
익산시치매안심센터,치매안심센터,전북특별자치도 익산시 동서로91,전북특별자치도 익산시 모현동2가 267-1,35.95692803,126.9456811,063-859-7452,063-859-7550,전북특별자치도 익산시,치매환자 등록관리+치매조기검진사업+치매치료비 지원 사업+인지증진프로그램+치매환자 가족지지모임 등,2025-07-28
울주치매안심센터,치매안심센터,울산광역시 울주군 웅촌면 은현작동로 49,울산광역시 울주군 웅촌면 검단리 1091-19,35.45690394,129.176837,052-204-2798,052-204-2878,울산광역시 울주군,치매상담 및 등록+치매조기검진+치매예방프로그램 운영+치매인식개선홍보+치매안심마을 운영+치매공공후견사업+단기쉼터 운영 등,2025-04-23
경상북도 광역치매센터,광역치매센터,경상북도 경주시 동대로 87,경상북도 경주시 석장동 1090-1,35.85850364,129.1928772,054-880-3797,054-777-6400,경상북도,치매관리사업기획교육사업진단 및 조호인프라 구축연구 및 지역특화사업대국민인식개선사업,2025-01-17
고창군치매안심센터,치매안심센터,전북특별자치도 고창군 고창읍 전봉준로 90,전북특별자치도 고창군 고창읍 율계리 101,35.44376255,126.6832504,063-560-8729,063-560-8725,전북특별자치도 고창군,무료치매검사+치매환자 등록관리+인지증진 재활 프로그램+맞춤형사례관리+가족지원프로그램 등,2024-06-26
전라남도광역치매센터,광역치매센터,전라남도 순천시 순광로 221,전라남도 순천시 조례동 1742,34.96375005,127.542936,061-726-6981,061-286-6042,전라남도,치매관련 자원 발굴+치매 연구·통계,2025-11-05
기장군 치매안심센터,치매안심센터,부산광역시 기장군 정관읍 용수로 11,부산광역시 기장군 정관읍 용수리 1314-1,35.32519724,129.1793766,051-709-2983,051-709-2983,부산광역시 기장군,치매 선별검사+치매환자 인지재활 프로그램+치매환자가족교실+자조모임+치매 예방교육 등,2025-11-19
사상구치매안심센터,치매안심센터,부산광역시 사상구 학감대로 242(감전동),부산광역시 사상구 감전동 138-8,35.15254918,128.9914565,051-310-3362,051-310-3362,부산광역시 사상구,치매환자 등록 관리+중증치매노인공공후견+사례관리+치매치료관리비 지원+치매조기검진+치매환자 쉼터 및 가족지원+치매 인식 개선을 위한 홍보 캠페인 등,2025-11-14
영등포구치매안심센터,치매안심센터,서울특별시 영등포구 당산로 29길 9,서울특별시 영등포구 당산동3가 407,37.525994,126.893979,02-2670-4752,02-831-0855,서울특별시 영등포구,"치매예방 및 인식개선(교육, 홍보)치매조기검진(선별검진, 정밀검진)치매예방등록사업(상담 및 사례관리, 환자 및 가족 지원, 인지건강 프로그램 운영)치매치료비 및 원인확진검사비 지원(저소득 치매환자)치매지역사회 지원강화(지역사회 인적, 물적 자원 연계)치매통합관리 정보시스템 구축 운영",2025-11-21
일산서구보건소치매안심센터,치매안심센터,경기도 고양시 일산서구 일중로 54,경기도 고양시 일산서구 일산동 1680-6,37.6844752346,126.7757855168,031-8075-4871,031-8075-4871,경기도 고양시,치매선별검사 및 진단검사 실시+치매환자등록ㆍ조호물품ㆍ치매치료관리비 지원+경증 치매환자 쉼터 운영+치매예방 프로그램 운영+치매 안심마을 운영+치매 인식개선사업+치매환자 실종예방사업,2025-09-10
일산동구보건소치매안심센터,치매안심센터,경기도 고양시 일산동구 중앙로 1100,경기도 고양시 일산동구 백석동 1195,37.6461363846,126.7847187569,031-8075-4850,031-8075-4850,경기도 고양시,치매선별검사 및 진단검사 실시+치매환자등록ㆍ조호물품ㆍ치매치료관리비 지원+경증 치매환자 쉼터 운영+치매예방 프로그램 운영+치매 안심마을 운영+치매 인식개선사업+치매환자 실종예방사업,2025-09-10
용산구치매안심센터,치매안심센터,서울특별시 용산구 녹사평대로 150,서울특별시 용산구 이태원동34-87,37.5324394,126.9904783,02-2199-8082,02-790-1541,서울특별시 용산구,조기검진사업+치매환자등록관리사업+치매환자쉼터 운영사업+가족모임운영+교육 및 인지프로그램 운영+치매예방관리사업+홍보사업+치매파트너 양성+지역자원강화사업 등,2025-08-05
경상북도 안동시 치매안심센터,치매안심센터,경상북도 안동시 보현로12,경상북도 안동시 용상동 1517-263,36.55003666,128.7588531,054-855-5986,054-840-5789,경상북도 안동시,치매검진+치매상담+치매쉼터+인지강화교실+치매예방교실+조호물품지원+치매가족지원,2025-08-16
울산광역시북구치매안심센터,치매안심센터,울산광역시 북구 산업로 1018,울산광역시 북구 연암동 1082,35.58355486,129.3607258,052-289-3450,052-241-8257,울산광역시 북구,치매 조기검진+치매환자 등록관리+교육지원,2025-08-25
성동구치매안심센터,치매안심센터,서울특별시 성동구 왕십리로5길 3 (성수1가제2동 공공복합청사 5층),서울특별시 성동구 성수동1가 685-580,37.546403,127.0443497,02-2286-7033,02-499-8071,서울특별시 성동구,치매검진+치매예방등록관리+지역사회자원 강화,2025-08-27
서울특별시송파구치매안심센터,치매안심센터,서울특별시 송파구 충민로 184,서울특별시 송파구 장지동 850-2,37.48578411,127.1341622,02-2147-2356,02-2147-5050,서울특별시 송파구,치매조기검진+치매인식개선 및 등록관리사업+쉼터 및 인지건강프로그램 운영,2023-07-03
전주시 치매안심센터,치매안심센터,전북특별자치도 전주시 완산구 전라감영로 33,전북특별자치도 전주시 완산구 중앙동4가 30-1,35.81584604,127.1433514,063-281-6291,063-281-6291,전북특별자치도 전주시,"치매환자 등록관리, 인지재활프로그램,가정방문사례관리 등",2025-02-10
담양군치매안심센터,치매안심센터,전라남도 담양군 담양읍 완동길 10-5,전라남도 담양군 담양읍 만성리 116-1,35.32470339,126.9807889,061-380-2971,061-380-2971,전남광주통합특별시 담양군,치매상담 및 등록관리사업+일반조기검진사업+치매치료관리비지원+치매환자조호물품제공+배회가능어르신인식표발급+인지강화프로그램운영+치매예방교육운영+치매예방교실운영+치매환자쉼터프로그램운영+헤아림가족교실운영+치매파트너양성+치매극복선도단체양성+치매환자맞춤형사례관리사업,2023-12-01
관악구치매안심센터,치매안심센터,서울특별시 관악구 관악로 145 관악구청 별관 3층,서울특별시 관악구 봉천동 1570-1 관악구청 별관 3층,37.47864563,126.9509331,02-879-7141,02-879-4910,서울특별시 관악구,치매조기검진 및 등록관리+치매예방 및 인식개선+치매의료비 지원+인지건강프로그램 및 치매환자쉼터 운영+치매환자 가족지원,2025-11-13
광주광역시북구치매안심센터,치매안심센터,광주광역시 북구 북문대로 234(동림동),광주광역시 북구 동림동 1156-3,35.18696192,126.8668762,062-410-8124,062-410-8124,전남광주통합특별시 북구,치매조기검진+치매치료비지원+조호물품 지원+인식표배부 등,2025-11-28
서구 치매안심센터,치매안심센터,광주광역시 서구 상무대로884번길 17-20 (쌍촌동),광주광역시 서구 쌍촌동 1004-13,35.148879,126.860306,062-350-4759,062-350-4759,전남광주통합특별시 서구,치매조기검진+치료관리비 지원+치매환자맞춤형사례관리+치매인식개선홍보캠페인등,2025-11-27
서천군 치매안심센터,치매안심센터,충청남도 서천군 서천읍 사곡길 20-2,충청남도 서천군 서천읍 군사리 803,36.0817289,126.6887353,041-950-6719,041-950-6741,충청남도 서천군,치매환자등록관리사업+치매조기검진사업+치매치료비지원사업+치매환자쉼터,2025-11-28
동작구치매안심센터,치매안심센터,서울특별시 동작구 남부순환로 2025,서울특별시 동작구 사당동 1049-11,37.47643044,126.9736106,02-820-9582,02-598-6088,서울특별시 동작구,치매환자 상담 및 등록관리+치매조기검진+치매예방관리+치매환자쉼터운영+치매가족지원+치매인식개선및교육홍보+치매안심마을운영,2025-12-04
남동구보건소치매안심센터,치매안심센터,인천광역시 남동구 소래로 633,인천광역시 남동구 만수동 1008(남동구보건소),37.4473902,126.7306784,032-453-5812,032-453-5910,인천광역시 남동구,치매예방교육+인지강화 프로그램+쉼터 프로그램+찾아가는 치매예방교육 및 선별검사,2025-11-20
경상남도 진주시 치매안심센터,치매안심센터,"경상남도 진주시 월아산로 2026, 서부청사 1층","경상남도 진주시 초전동 348-2, 서부청사 1층",35.21469804,128.122903,055-749-5778,055-749-5778,경상남도 진주시,치매선별 및 진단검사+치매안심센터 쉼터운영+치매극복의 날 행사+치매파트너+파트너플러스+치매안심마을 운영,2025-12-04
강북구치매안심센터,치매안심센터,"서울특별시 강북구 오현로 208, 번동3단지 세대복합형 복지주택 1층",서울특별시 강북구 번동 237,37.6296739,127.0411454,02-901-7768,02-991-9832,서울특별시 강북구,조기검진+쉼터+가족지원+인식개선 등치매검진+치매치료비+조호물품+배회인식표+가족모임+인지건강센터+기억친구 등,2025-12-05
강북구치매안심센터,치매안심센터,"서울특별시 강북구 삼양로 335-1, 수유보건지소 2층",서울특별시 강북구 수유동 472-31,37.63340541,127.0171111,02-901-7768,02-991-9831,서울특별시 강북구,조기검진+쉼터+가족지원+인식개선 등치매검진+치매치료비+조호물품+배회인식표+가족모임+인지건강센터+기억친구 등,2025-12-05
갈매치매안심실(분소),치매안심센터,"경기도 구리시 갈매중앙로 80, 갈매동 복합청사 3층",경기도 구리시 갈매동 583-1,37.63144308,127.1177774,031-550-8312,031-550-8313,경기도 구리시,치매조기검진+치매쉼터운영+치매환자지원서비스,2025-12-08
구리시 치매안심센터,치매안심센터,"경기도 구리시 건원대로 34번길 84, 구리시보건소 4층",경기도 구리시 인창동 674-3,37.60477675,127.1450794,031-550-8312,031-550-8313,경기도 구리시,치매쉼터 운영+치매조기검진+인지재활프로그램 운영+가족카페 운영+치매공공후견사업+치매환자지원서비스+치매극복의날 기념행사,2025-12-08
동구치매안심센터,치매안심센터,"광주광역시 동구 서남로 14, 7층","광주광역시 동구 서남로 14, 7층",35.14495168,126.9231621,062-608-3471,062-608-3490,전남광주통합특별시 동구,치매예방관리(조기검진+예방교육+인식개선)+치매등록관리(상담+사례관리+프로그램),2024-09-20
무주군치매안심센터,치매안심센터,전북특별자치도 무주군 무주읍 한풍루로413,전북특별자치도 무주군 무주읍 당산리 701,36.005882,127.6716991,,063-320-8601,전북특별자치도 무주군,치매예방+인지강화+인지재활,2025-08-18
해운대구치매안심센터,치매안심센터,부산광역시 해운대구 양운로 37번길 59 별관 4층,부산광역시 해운대구 좌동 1339 별관 4층,35.16410942,129.1786558,051-749-7572,051-749-0770,부산광역시 해운대구,"치매조기검진(선별,정밀)+치매환자 상담 및 등록관리+조호물품지원+치매치료비지원+치매환자 공공후견인지원+치매예방교실+인지강화교실+인지재활교실+가족교실(헤아림)+가족모임지원 등",2025-07-14
군위군치매안심센터,치매안심센터,대구광역시 군위군 군위읍 군청로 70,대구광역시 군위군 군위읍 동부리 676-3 군위군치매안심센터,36.22951326,128.5697884,054-380-7423,054-380-7491,대구광역시 군위군,상담및등록관리사업+치매조기검진사업+치매예방관리사업+치매환자쉼터+치매지원서비스관리(치매치료관리비 지원)+치매안심마을운영+맞춤형사례관리사업+치매가족및보호자지원사업+치매인식개선 홍보,2025-07-17
경산시 치매안심센터,치매안심센터,경상북도 경산시 남매로 158,경상북도 경산시 중방동 708-5,35.82511247,128.7432823,053-810-6418,053-810-6435,경상북도 경산시,"치매선별검진, 우리마을 예쁜 치매쉼터",2025-07-18
부산진구치매안심센터,치매안심센터,부산광역시 부산진구 새싹로253,부산광역시 부산진구 초읍동 278-8,35.178777,129.0475494,051-605-6107,051-605-6107,부산광역시 부산진구,치매조기검진+치매대상자 등록관리+치매치료관리비지원+치매인식개선 및 홍보 등,2025-06-30
광주광역시광역치매센터,광역치매센터,"광주광역시 동구 제봉로 27, 한일빌딩 4층",,35.1411286,126.9211291,,062-226-2181,광주광역시,치매극복의날 기념행사+한마음 치매극복 걷기행사+치매예방교육 및 시민건강강좌+치매관련종사자 교육 등,2025-06-20
순창군 치매안심센터,치매안심센터,전라북도 순창군 순창읍 교성로 135,전라북도 순창군 순창읍 교성리 418,35.36710476,127.1436245,063-650-5247,063-650-5247,전북특별자치도 순창군,찾아가는 경로당 치매예방교실+치매고위험군 인지증진프로그램+치매가족지지 프로그램 헤아림+치매조기검진,2022-06-15
보성군치매안심센터,치매안심센터,전라남도 보성군 보성읍 갱맹골길 206,전라남도 보성군 보성읍 주봉리 529,34.7664558,127.071271,061-853-4000,061-850-8695,전남광주통합특별시 보성군,치매조기검진 및 등록 관리+치매예방교실+조호물품제공 등,2025-08-12
포항시북구치매안심센터,치매안심센터,경상북도 포항시 북구 삼흥로 96(장성동),경상북도 포항시 북구 장성동 1363-3,36.07072182,129.3797119,054-270-4114,054-270-8951,경상북도 포항시,치매무료검진+상담 및 등록+치매예방교실 및 치매환지쉼터 프로그램 운영+치매치료관리비지원+조호물품 제공+맞춤형사례관리+실종노인의 발생예방 및 찾기 사업+ 치매가족교실 운영+치매극복의 날 기념행사+치매서포터즈 교육,2025-08-12
포항시남구치매안심센터,치매안심센터,경상북도 포항시 남구 오천읍 남원로 43,경상북도 포항시 남구 오천읍 원리 896,35.9704125,129.405147,054-270-4004,054-270-8901,경상북도 포항시,치매무료검진+치매극복의 날 기념행사+치매서포터즈 교육+상담 및 등록+치매예방교실 및 치매환지쉼터 프로그램 운영+치매치료관리비지원+조호물품 제공+맞춤형사례관리+실종노인의 발생예방 및 찾기 사업+치매가족교실 운영,2025-08-12
하동군치매안심센터,치매안심센터,경상남도 하동군 횡천면 경서대로 1189,경상남도 하동군 횡천면 횡천리 575-3,35.1097955,127.815102,055-882-4000,055-880-6850,경상남도 하동군,쉼터운영+치매예방교실운영+치매상담등록관리+치매안심마을운영+치매조기검진+치매환자맞춤형사례관리+치매환자가족프로그램운영+인지강화교실운영+치매파트너 양성,2025-05-20
대전광역치매센터,광역치매센터,대전광역시 중구 문화로 282,대전광역시 중구 대사동 640,36.31684464,127.4153053,042-280-8968,042-280-8968,대전광역시,"치매관리 인프라/네트워크 구축,대국민인식개선사업, 교육,연구,조호사업",2020-12-14
완도군치매안심센터,치매안심센터,전라남도 완도군 완도읍 농공단지길 34,전라남도 완도군 완도읍 죽청리 483-8,34.33582329,126.731327,061-550-5810,061-550-5810,전남광주통합특별시 완도군,치매조기검진 치매예방관리사업 치매사례관리 치매인식개선 및 홍보 치매공공후견인 치매치료관리비 지원사업,2021-10-14
덕양구보건소치매안심센터,치매안심센터,경기도 고양시 덕양구 은빛로 72,경기도 고양시 덕양구 화정동 958,37.6371263948,126.8360076,031-8075-4800,031-8075-4800,경기도 고양시,치매선별검사 및 진단검사 실시+치매환자등록ㆍ조호물품ㆍ치매치료관리비 지원+경증 치매환자 쉼터 운영+치매예방 프로그램 운영+치매 안심마을 운영+치매 인식개선사업+치매환자 실종예방사업,2025-09-10
양주시 서부 치매안심센터(분소),치매안심센터,경기도 양주시 광적면 부흥로 618번길 303,경기도 양주시 광적면 광석리 132,37.81249969,126.9723072,031-8082-7100,031-8082-4388,경기도 양주시,치매조기검진+치매예방프로그램+치매환자 쉼터+치매가족지원사업+치매약제비 지원+조호용품등 지원,2025-09-12
양주시 치매안심센터,치매안심센터,경기도 양주시 화합로1426번길 90,경기도 양주시 덕정동 206,37.83814235,127.0680351,031-8082-7100,031-8082-7147,경기도 양주시,치매조기검진+치매예방프로그램+치매환자 쉼터+치매가족지원사업+치매약제비 지원+조호용품등 지원,2025-09-12
신곡치매안심센터,치매안심센터,"경기도 의정부시 신곡로 71, 3층 (신곡동, 신곡1동 행정복지센터)",,37.73309574,127.0562161,031-870-6121,031-870-6181,경기도 의정부시,무료치매선별검사+ 치매상담+ 치매예방교육+ 재가치매환자 조호물품 지원+ 치매치료관리비 지원+ 치매 극복의 날 기념행사 등,2025-09-12
서초구치매안심센터,치매안심센터,"서울특별시 서초구 염곡말길 9, 4층(염곡동, 내곡느티나무쉼터)",서울특별시 서초구 염곡동 180-2,37.46182487,127.0506972,02-2155-8081,02-591-1833,서울특별시 서초구,"무료치매검사, 고도화장비기반 치매검사, 인지건강프로그램, 치매환자 가족교육 및 지지프로그램, 안심하우스 및 기억키움학교 운영, 치매 홍보서포터즈 운영 등",2025-08-05
청도군치매안심센터,치매안심센터,경상북도 청도군 화양읍 산성강변길 472,경상북도 청도군 화양읍 송북리 45,35.654342,128.7381579,054-370-6564,054-370-6470,경상북도 청도군,치매진단등록+환자쉼터+인지재활치료+비약물치료,2025-08-11
서울특별시 중랑구치매안심센터,치매안심센터,"서울특별시 중랑구 봉화산로 190 ,신내2동 중랑구청 제2청사 4층,6층",서울특별시 중랑구 신내동 665,37.60626485,127.094136,02-2094-0869,02-435-7540,서울특별시 중랑구,치매조기검진+치매예방등록관리+지역사회자원강화,2025-08-11
보은군치매안심센터,치매안심센터,충청북도 보은군 보은읍 임업길 22,충청북도 보은군 보은읍 삼산리 172-2,36.48703402,127.7155518,043-540-5642,043-540-5642,충청북도 보은군,인지재활프로그램+예방프로그램+쉼터운영,2024-11-29
울진군 치매안심센터,치매안심센터,경상북도 울진군 울진읍 읍내8길 61-8,경상북도 울진군 울진읍 읍내리 563-5,36.99621755,129.4045994,054-789-5000,054-789-5025,경상북도 울진군,치매치매조기검진 및 대상자 등록관리+인지강화프로그램 및 치매가족프로그램 운영+치매서포터즈 양성,2024-07-31
순천시치매안심센터,치매안심센터,전라남도 순천시 중앙로 232,전라남도 순천시 석현동 35-6,34.966691,127.486072,061-749-3612,061-749-8888,전남광주통합특별시 순천시,"인지재활프로그램, 기억력 검사 등",2024-11-26
곡성군치매안심센터,치매안심센터,전라남도 곡성군 곡성읍 곡성로854,전라남도 곡성군 곡성읍 읍내리 220,35.27886716,127.2969046,061-360-8980,061-360-8981,전남광주통합특별시 곡성군,등록관리+쉼터+예방 등,2024-12-04
도봉구치매안심센터,치매상담전화센터,"서울특별시 도봉구 마들로 650(도봉월드상가 3,4층)",서울특별시 도봉구 방학동720-33 도봉월드상가 3층 4층,37.66802835,127.047065,02-2091-4562,02-955-3591,서울특별시 도봉구,"치매환자의 등록·관리, 치매의 예방·교육 및 홍보, 치매조기검진 등",2024-12-06
대덕구치매안심센터,치매안심센터,대전광역시 대덕구 동춘당로 187,대전광역시 대덕구 법동 192-1,36.36720857,127.4308384,042-608-4491,042-608-4491,대전광역시,"상담, 등록,조기검진,1:1사례관리, 단기쉼터, 치매카페운영",2020-12-14
유성구치매안심센터,치매안심센터,대전광역시 유성구 박산로 177,대전광역시 유성구 구암동 91-6,36.354491,127.328811,042-611-5112,042-611-5112,대전광역시,"상담, 등록,조기검진,1:1사례관리, 단기쉼터, 치매카페운영",2020-12-14
서구치매안심센터,치매안심센터,대전광역시 서구 둔산서로 100,대전광역시 서구 둔산동 1300,36.355071,127.3833597,042-288-4470,042-288-4470,대전광역시,"상담, 등록,조기검진,1:1사례관리, 단기쉼터, 치매카페운영",2020-12-14
중구치매안심센터,치매안심센터,대전광역시 중구 중앙로 100,대전광역시 중구 대흥동 499-1,36.32557592,127.4212943,042-288-8180,042-288-8180,대전광역시,"상담, 등록,조기검진,1:1사례관리, 단기쉼터, 치매카페운영",2020-12-14
동구치매안심센터,치매안심센터,대전광역시 동구 현암로 22,대전광역시 동구 삼성동 374-1,36.34298597,127.4204612,042-621-6011,042-621-6011,대전광역시,"상담, 등록,조기검진,1:1사례관리, 단기쉼터, 치매카페운영",2020-12-14
강진군치매안심센터,치매안심센터,전라남도 강진군 강진읍 목리길 11,,34.638335,126.775711,061-430-5294,061-430-5294,전남광주통합특별시 강진군,치매조기검진+쉼터+찾아가는 치매예방교실+기억채움교실,2025-11-19
장흥군보건소 치매안심센터,치매안심센터,전라남도 장흥군 장흥읍 동교1길 13,전라남도 장흥군 장흥읍 건산리 752-1,34.6770039,126.907038,061-862-4000,061-860-6498,전남광주통합특별시 장흥군,"치매예방 및 인식개선(교육, 홍보, 선도기관, 파트너양성)+치매조기검진(선별, 진단,정밀)+치매예방등록사업(상담 및 사례관리, 환자 및 가족 지원, 인지강화 프로그램, 에방교실)+치매안심마을 운영+치매쉼터+치매실종예방사업+치매치료비 지원+치매조호물품지원+치매지역사회 지원강화+치매통합관리 정보시스템 구축 운영",2025-11-17
진안군치매안심센터,치매안심센터,전북특별자치도 진안군 진안읍 진무로 1189,,35.79730854,127.4347748,,063-430-8582,전북특별자치도 진안군,치매조기검진+치매의료비지원+치매극복의날 기념행사+한마음 치매극복 걷기대회+치매환자 및 가족 프로그램+치매인식개선사업+치매안심마을운영+치매공공후견인사업+치매파트너 및 파트너플러스 양성+치매극복선도단체+맞춤형 돌봄 사례 등관리+실종예방사업+쉼터운영+조호물품지원 등,2025-11-18
강릉시치매안심센터,치매안심센터,"강원특별자치도 강릉시 남부로17번길 38, 내곡동",강원특별자치도 강릉시 내곡동 413,37.74287093,128.8827493,033-660-3081,033-660-3048,강원특별자치도 강릉시,등록관리+조기검진+예방관리+가족지원+인식개선 및 홍보,2025-11-18
강원특별자치도동해시치매안심센터,치매안심센터,강원특별자치도 동해시 발한로 227 동해시치매안심센터 1층,강원특별자치도 동해시 발한동 17-9,37.5495162,129.1081409,033-530-2401,033-530-2426,강원특별자치도 동해시,조기검진 및 상담+치매치료관리비지원+조호물품지원+치매환자교실운영+치매가족교실운영+가족카페운영,2025-11-21
춘천시 치매안심센터,치매안심센터,강원특별자치도 춘천시 스무숲길 4-46,강원특별자치도 춘천시 석사동 171-8,37.846002,127.746997,033-250-4004,033-250-4004,강원특별자치도 춘천시,"치매검진+무료 조기검진+정밀검진비 지원+치매환자 치료비(약제비) 지원+조호물품(기저귀,물티슈) 지원+인식표 제공+배회감지기 지원+치매환자 단기쉼터 운영+치매환자 및 가족 지원+상담 및 교육+인지강화프로그램+치매예방프로그램+치매 극복의날 행사+인식개선 및 홍보",2025-11-07
청양군치매안심센터,치매안심센터,충청남도 청양군 청양읍 칠갑산로 7길 54,충청남도 청양군 청양읍 읍내리 261-1,36.45501978,126.8049308,041-940-4551,041-940-4500,충청남도 청양군,치매환자쉼터+인지재활프로그램+치매가족교실+치매자조모임+치매예방교실,2025-11-18
북구 치매상담센터,치매안심센터,부산광역시 북구 덕천로 123,부산광역시 북구 덕천동 139-3,35.21053729,129.0181315,051-309-5281,051-309-5281,부산광역시 북구,치매조기검진+치매치료비지원+인지재활프로그램+가족교육 등,2025-11-07
금정구 치매안심센터,치매안심센터,부산광역시 금정구 중앙대로 1777,부산광역시 금정구 부곡동 78,35.24205368,129.0924546,051-519-5678,051-519-5678,부산광역시 금정구,치매조기검진+치매예방프로그램+치매환자 지원+치매 인식 개선사업 등,2025-11-21
서구치매안심센터,치매안심센터,"부산광역시 서구 구덕로 127, 4층","부산광역시 서구 토성동5가 56-4, 4층",35.09633318,129.0220599,051-240-4912,051-240-4912,부산광역시 서구,치매조기검진+등록관리+치매환자 지원+보호자 상담+지역자원연계+치매예방교육 및 인식개선+프로그램 운영 등,2025-11-18
함양군 치매안심센터,치매안심센터,경상남도 함양군 함양읍 한들로 141,경상남도 함양군 함양읍 용평리 630-3,35.5196763,127.731782,055-960-5355,055-960-5355,경상남도 함양군,치매조기검진+치매환자상담 및 등록관리+조호물품제공+맞춤형사례관리+인지재활프로그램운영+치매가족모임운영+치매인식개선사업+치매환자실종예방사업 등,2025-11-21
금천구치매안심센터,치매안심센터,"서울특별시 금천구 시흥대로 123길 11(독산1동 주민센터) 6층, 7층",서울특별시 금천구 독산동 289-5,37.47021905,126.8970437,02-2627-2142,02-3281-9082,서울특별시 금천구,예방 및 인식개선 사업+조기검진 사업+등록관리사업+치매치료관리비 지원사업+중증치매노인공공후견사업,2025-11-26
강화군치매안심센터,치매안심센터,인천광역시 강화군 강화읍 충렬사로 26-1,인천광역시 강화군 강화읍 남산리 324-1,37.73723039,126.4847095,032-930-4057,032-930-4057,인천광역시 강화군,치매 선별검사 및 진단검사+치매예방 프로그램+치매환자 돌봄+치매환자 지원+치매환자 가족 지원+치매환자 인지재활 프로그램+치매 인식개선 홍보,2025-11-20
신안군치매안심센터,치매안심센터,전라남도 신안군 압해읍 천사로 1004,,34.83360218,126.3514253,,061-240-8081,전남광주통합특별시 신안군,치매예방교육 및 인지건강프로그램+치매인식개선 및 예방교육+치매조기검진사업+치매치료관리비지원사업+배회가능 어르신 인식표 무료 보급,2025-11-24
영암군치매안심센터,치매안심센터,전라남도 영암군 영암읍오리정길39,전라남도 영암군 영암읍 춘양리 525,34.79533941,126.7033414,061-470-6525,061-470-6030,전남광주통합특별시 영암군,치매환자 쉼터+치매예방교실인지강화교실,2025-11-01
달성군치매안심센터,치매안심센터,대구광역시 달성군 현풍읍 현풍중앙로27,대구광역시 달성군 현풍읍 하리 253-2,35.692006,128.446211,053-668-3841,053-668-3841,대구광역시 달성군,치매선별검사+치매예방프로그램+치매인지재활프로그램 등,2025-11-26
태안군치매안심센터,치매안심센터,충청남도 태안군 태안읍 서해로 1952-16,충청남도 태안군 태안읍 평천리 698-6,36.75187751,126.3231965,041-671-1608,041-671-1632,충청남도 태안군,인지선별검사+치매인식개선활동+치매프로그램운영+맞춤형사례관리 등,2025-06-19
부평구치매안심센터,치매안심센터,인천광역시 부평구 주부토로 65,인천광역시 부평구 부평동 434-3,37.500824,126.7249026,032-509-1300,032-509-1300,인천광역시 부평구,치매조기선별검진+진단검사+인지건강프로그램운영등,2025-05-31
성주군치매안심센터,치매안심센터,경상북도 성주군 성주읍 성밖숲길12,경상북도 성주군 성주읍 경산리 436-1,35.91738188,128.2786954,054-930-8271,054-930-8187,경상북도 성주군,인지강화및치매환자교실 운영 등,2025-06-20
진도군치매안심센터,치매안심센터,전라남도 진도군 진도읍 남동1길 40-9,전라남도 진도군 진도읍 남동리 776-26,34.480308,126.2629491,061-540-6961,061-540-6961,전남광주통합특별시 진도군,치매조기검진 및 등록관리+인지건강프로그램 등,2025-06-23
[분소]제주도서귀포시치매안심센터(중문분소),치매안심센터,제주특별자치도 서귀포시 천제연로 277 (중문동),제주특별자치도 서귀포시 중문동 1864-1,33.25138876,126.434693,064-760-6557,064-760-6555,제주특별자치도 서귀포시,치매상담 및 등록 관리사업+치매조기검진+치매환자 조호물품제공+치매치료관리비 지원+인지재활 프로그램 운영 등,2024-03-01
[분소]서귀포시서부치매안심센터(안덕분소),치매안심센터,"제주특별자치도 서귀포시 안덕면 화순중앙로12번길 30-9 (화순리, 안덕보건지소)",제주특별자치도 서귀포시 안덕면 화순리 1158-11,33.250552,126.3313996,,064-760-0975,제주특별자치도 서귀포시,치매조기검진+치매상담 및 등록관리+치매환자 쉼터 운영+조호물품지원 등의 다양한 치매통합서비스 제공,2024-03-01
홍성군치매안심센터,치매안심센터,충청남도 홍성군 홍성읍 문화로 106,충청남도 홍성군 홍성읍 오관리 474-7,36.59664192,126.6630613,041-630-2588,041-630-9076,충청남도 홍성군,등록+조기검진+인지재활+강화프로그램,2025-06-30
진천군치매안심센터,치매안심센터,충청북도 진천군 덕산읍 연미로 29,,36.89921785,127.528885,,043-539-7782,충청북도 진천군,치매환자쉼터운영+치매극복의 날 행사+치매예방수칙 및 예방운동 알림+치매파트너 양성+치메안심마을+치매안심등불+찾아가는 기억지키미 운영 등,2025-06-30
충주시치매안심센터,치매안심센터,충청북도 충주시 사직산21길 34,충청북도 충주시 문화동1655,36.97085167,127.9280135,043-850-1780,043-850-1780,충청북도 충주시,"치매조기검진,맞춤형사례관리,치매환자쉼터운영,가족교실운영,치매예방프로그램운영",2025-06-30
흥선치매안심센터,치매안심센터,"경기도 의정부시 흥선로 20, 1층 (가능동, 흥선동행정복지센터)",,37.74626788,127.0306477,031-870-6121,031-870-6166,경기도 의정부시,무료치매선별검사+ 치매상담+ 치매예방교육+ 재가치매환자 조호물품 지원+ 치매치료관리비 지원+ 치매 극복의 날 기념행사 등,2025-09-12
경기도의정부시치매안심센터(송산),치매안심센터,"경기도 의정부시 민락로 360, 5층 (낙양동, 송산3동 공공복합청사)",,37.75318982,127.1137733,031-870-6121,031-870-6202,경기도 의정부시,무료치매선별검사+ 치매상담+ 치매예방교육+ 재가치매환자 조호물품 지원+ 치매치료관리비 지원+ 치매 극복의 날 기념행사 등,2025-09-12
서대문구치매안심센터,치매안심센터,서울특별시 서대문구 연희로 290,서울특별시 서대문구 홍은2동 425-3 한국자유총연맹,37.58292926,126.9364454,02-330-1738,02-379-0183,서울특별시 서대문구,경증 치매환자 대상 단기 보호(쉼터)운영+치매가족교육+온라인 치매예방 프로그램+치매가족 카페+힐링 프로그램 등,2025-09-01
아산시치매안심센터,치매안심센터,충청남도 아산시 번영로 216번길 18,충청남도 아산시 모종동 574-1,36.78291637,127.01406730,041-537-3474,041-537-3474,충청남도 아산시,쉼터운영(인지재활+인지강화+치매예방프로그램),2025-08-31
동남구치매안심센터,치매안심센터,충청남도 천안시 동남구 버들로 40,충청남도 천안시 동남구 문화동 112-1,36.80718993,127.1514636,041-521-5008,041-521-3343,충청남도 천안시,치매조기검진+인지재활+쉼터+가족지원사업 등,2025-09-01
서북구치매안심센터,치매안심센터,충청남도 천안시 서북구 서부8길 29,충청남도 천안시 서북구 성정동 684-1,36.8197764,127.1398813,041-521-5928,041-521-5740,충청남도 천안시,치매조기검진+인지재활+쉼터+가족지원사업 등,2025-09-01
양천구치매안심센터,치매안심센터,"서울특별시 양천구 남부순환로 407, 4층(신월동, 신월보건지소)",서울특별시 양천구 신월동 131-4,37.53133859,126.831824,02-2620-4348,02-2698-8680,서울특별시 양천구,치매검사+치매 상담 및 등록관리+치매가족지원+치매인식개선+인지강화 및 치매예방교실 운영 등,2025-09-04
군포시치매안심센터,치매안심센터,경기도 군포시 산본로 329,,37.3599873,126.9330897,,031-389-4988,경기도 군포시,무료 치매검사+치매예방프로그램+치매환자쉼터+치매가족지원프로그램+조호물품 지원+치매치료관리비 지원+치매환자 실종예방+치매안심마을 운영+치매 인식개선,2025-09-11
문경시치매안심센터,치매안심센터,경상북도 문경시 점촌1길 13,경상북도 문경시 점촌동 234-12,36.5963534775,128.1980094334,054-550-8084,054-555-2033,경상북도 문경시,치매조기검진사업+치매쉼터운영+치매보듬마을운영+치매조호물품지원+치매치료비지원+실종노인 발생예방 및 찾기 사업+치매공공후견사업+치매환자 맞춤형 사례관리사업+치매예방관리사업+치매가족 및 보호자 지원사업+배회가능 어르신 인식표 보급 사업+치매인식개선사업+치매파트너사업+치매안심센터 분소 설치 및 운영,2025-09-18
종로구 치매안심센터,치매안심센터,서울특별시 종로구 평창문화로 50,서울특별시 종로구 평창동 235-2,37.60542184,126.9669268,02-2148-3603,02-3675-9001,서울특별시 종로구,치매예방 및 인식개선사업+치매조기검진 사업+치매예방등록관리 사업+저소득층 치매치료비 및 원인확진검사비 지원 사업+치매지역사회자원강화 사업 등,2025-06-23
영덕군치매안심센터,광역치매센터,경상북도 영덕군 영덕읍 군청길 53,,36.4135451232,129.3735579543,054-880-3796,054-730-7177,경상북도 영덕군,무료치매검사+치매극복의날기념행사+치매홍보서포터즈 운영등,2023-06-01
횡성군보건소,치매안심센터,강원특별자치도 횡성군 횡성읍 횡성로 379,,37.4871296,127.9844504,033-340-5653,033-340-5653,강원특별자치도 횡성군,인지재활프로그램,2023-08-31
고성군치매안심센터,치매안심센터,강원특별자치도 고성군 간성읍 수성로 30,강원특별자치도 고성군 간성읍 신안리 178,38.37761662,128.4721409,033-680-3798,033-680-3798,강원특별자치도 고성군,치매조기검진사업+쉼터+가족지지+인지재활 등,2023-08-31
목포시치매안심센터,치매안심센터,"전라남도 목포시 수문로 32, 트윈스타 3층 목포시치매안심센터(남교동)",전라남도 목포시 남교동 164,34.7931322,126.3829337,061-270-4271,061-270-4271,전라남도,등록관리+프로그램 운영,2025-11-05
서구치매안심센터,치매안심센터,"인천광역시 서구 봉오재3로94번길11, 5층","인천광역시 서구 가정동 618-5, 5층",37.52682789,126.6704777,032-718-0630,032-718-0630,인천광역시 서해구,치매 선별검사 및 진단검사+치매예방 프로그램+치매환자 돌봄+치매환자 지원+치매환자 가족 지원+치매환자 인지재활 프로그램+치매 인식개선 홍보,2025-07-03
전북특별자치도광역치매센터,광역치매센터,"전북특별자치도 전주시 완산구 서원로 328, 2층",,35.81213116,127.1302611,,063-247-6082,전북특별자치도,치매관리사업 계획+치매연구치매안심센터 및 노인복지시설 기술지원+치매관련 종사인력에 대한 교육훈련+치매환자 및 가족에 대한 치매의 예방 교육 및 홍보 등,2025-01-24
서귀포시동부보건소치매안심센터,치매안심센터,제주특별자치도 서귀포시 남원읍 태위로 527,제주특별자치도 서귀포시 남원읍 남원리 2359-1,33.275629,126.703417,064-760-6125,064-760-6141,제주특별자치도 서귀포시,등록관리+조기검진+단기쉼터 및 치매 카페 운영+치매 인식개선 및 홍보+치매치료관리 지원 등,2024-03-01
서귀포보건소치매안심센터,치매안심센터,제주특별자치도 서귀포시 중앙로101번길 52,제주특별자치도 서귀포시 서홍동 447-3,33.253426,126.555363,064-760-6555,064-760-6555,제주특별자치도 서귀포시,등록관리+조기검진+단기쉼터 및 치매 카페 운영+치매 인식개선 및 홍보+치매치료관리 지원 등,2024-03-01
서귀포시서부보건소치매안심센터,치매안심센터,제주특별자치도 서귀포시 대정읍 최남단해안로 15번길 12,제주특별자치도 서귀포시 대정읍 하모리 767-8,33.218673,126.253245,064-760-6249,064-760-6249,제주특별자치도 서귀포시,등록관리+조기검진+단기쉼터 및 치매 카페 운영+치매 인식개선 및 홍보+치매치료관리 지원 등,2024-03-01
영월군 치매안심센터,치매안심센터,강원특별자치도 영월군 영월읍 하송로 46-43,강원특별자치도 영월군 영월읍 하송리 236-2,37.18544643,128.461674,1577-0545,033-370-5441,강원특별자치도 영월군,무료치매검사+맞춤형 사례관리+치매극복의 날 기념행사+치매파트너 양성+인지재활 프로그램+가족교실(헤아림)+치매예방교실+치매극복주간 기념행사(인식개선 캠페인 등) 제공 등,2025-09-03
대전광역시 중구 치매안심센터,치매안심센터,대전광역시 중구 중앙로 100,대전광역시 중구 대흥동 499-1,36.32557502,127.4212953,042-288-8180,042-288-8180,대전광역시 중구,치매환자 등록 관리+가족교육+예방교육+치매검사+인지훈련 등,2025-09-02
의성군치매안심센터,치매안심센터,"경상북도 의성군 의성읍 구봉길 228, 의성군보건소 4층","경상북도 의성군 의성읍 도서리 104-1, 의성군보건소 4층",36.345603,128.6976946,054-830-6222,054-830-6660,경상북도 의성군,치매 조기검진+치매환자 맞춤형 사례관리+치매환자쉼터+치매 가족 지원+치매 인식 개선+치매 파트너+치매보듬마을 등,2025-09-03
부산광역시 강서구 치매안심센터,치매안심센터,부산광역시 강서구 낙동북로102번길 76,부산광역시 강서구 강동동 60-3,35.21620512,128.9376702,051-970-3415,051-970-2600,부산광역시 강서구,치매상담+치매조기검진사업+치매예방교실+치매환자쉼터+치매가족교실+치매치료비지원+치매환자조호물품지원+치매인식개선사업 등,2025-09-01
[분소]서귀포시동부치매안심센터(표선분소),치매안심센터,"제주특별자치도 서귀포시 표선면 표선중앙로 17 (표선리, 표선보건지소)",제주특별자치도 서귀포시 표선면 표선리 312,33.331192,126.830292,,064-760-6365,제주특별자치도 서귀포시,치매 조기 검진+치매상담 및 등록관리+치매 환자 쉼터+조호물품 지원 등의 치매통합서비스 제공,2024-03-01
[분소]서귀포시동부치매안심센터(성산분소),치매안심센터,"제주특별자치도 서귀포시 성산읍 고성오조로 42 (고성리, 성산보건지소)",제주특별자치도 서귀포시 성산읍 고성리 336-2,33.44655494,126.9157478,,064-760-6477,제주특별자치도 서귀포시,치매 조기 검진+치매상담 및 등록관리+치매 환자 쉼터+조호물품 지원 등의 치매통합서비스 제공,2024-03-01
권선구치매안심센터,치매안심센터,경기도 수원시 권선구 호매실로 22-50(탑동),경기도 수원시 권선구 탑동 910,37.25874424,126.9711281,031-5191-0421,031-5191-0425,경기도 수원시,치매조기검진+치매치료관리비지원+인지프로그램운영+치매가족지지프로그램 운영+치매인식개선 및 홍보 등,2025-11-14
장안구치매안심센터,치매안심센터,경기도 수원시 장안구 송원로 101 (조원동),경기도 수원시 장안구 조원동 888,37.30402833,127.0103129,031-5191-0222,031-5191-0230,경기도 수원시,치매조기검진+치매치료관리비지원+인지프로그램운영+치매가족지지프로그램 운영 등,2025-11-14
군산시치매안심센터,치매안심센터,전북특별자치도 군산시 공단대로 482(나운동),전북특별자치도 군산시 나운동 808-2,35.9646059,126.6897785,063-454-5870,063-454-5870,전북특별자치도 군산시,"무료치매검사, 치매환자쉼터운영,치매예방 및 인지강화프로그램 운영 등",2025-11-12
서울특별시 구로구 치매안심센터,치매안심센터,"서울특별시 구로구 디지털로 243, 2층 (지-하이시티 빌딩)","서울특별시 구로구 구로동 237, 2층",37.48199097,126.892351,02-860-3273,02-2612-7041,서울특별시 구로구,무료치매검사+정상 고위험 치매 프로그램 및 인지프로그램 운영+치매가족프로그램 등,2025-11-17
청송군치매안심센터,치매안심센터,경상북도 청송군 청송읍 의료원길 19,경상북도 청송군 청송읍 금곡리 1056-54,36.43113169,129.0518042,,054-870-7341,경상북도 청송군,치매조기검진+치매환자쉼터+인지강화교실+치매예방교실+치매예방교육+치매서포터즈 및 치매극복선도단체 양성+치매보듬마을 운영+우리마을예쁜치매쉼터운영+치매환자사례관리+치매환자가족교실+자조모임운영+치매치료관리비지원+조호물품제공+배회인식표 및 지문인기 등록+치매극복 전국걷기행사+치매극복의날 기념 행사+치매관사업 DB자료 등록 및 분석,2025-11-17
제주시 제주치매안심센터,치매안심센터,제주특별자치도 제주시 연삼로 264,제주특별자치도 제주시 도남동 567-1,33.49159994,126.520239,064-728-8474,064-728-8490,제주특별자치도 제주시,치매상담 및 등록관리+치매조기검진+치매예방 및 인지강화교실+경증치매 쉼터 프로그램+조호물품 지원+치매치료비 지원+치매가족지원 프로그램+인식개선 및 교육홍보사업+안심마을 운영 등,2025-03-20
평창군치매안심센터,치매안심센터,강원특별자치도 평창군 평창읍 종부로 61,강원특별자치도 평창군 평창읍 종부리 504,37.36049168,128.388852,033-330-4830,033-330-4900,강원특별자치도 평창군,치매환자 쉼터프로그램+치매가족헤아림프로그램+치매예방인지재활프로그램+치매재가환자방문인지재활프로그램,2024-09-27
동안치매안심센터,치매안심센터,경기도 안양시 동안구 관악대로 375,경기도 안양시 동안구 관양동 1432-15,37.404789,126.964530,,031-8045-6801,경기도 안양시,무료 치매검사+쉼터운영+치매극복의 날 기념행사 등,2025-12-15
만안치매안심센터,치매안심센터,경기도 안양시 만안구 문예로 48 (6층),경기도 안양시 만안구 안양동 532-1,37.385898,126.932945,,031-8045-3038,경기도 안양시,무료 치매검사+쉼터 운영+치매극복의 날 기념행사 등,2025-12-15
사하구 치매안심센터(다대분소),치매안심센터,부산광역시 사하구 다대로530번길 7,부산광역시 사하구 다대동 933-1,35.05916984,128.9713294,051-220-0034,051-220-0034,부산광역시 사하구,치매조기검진+조호물품 지원 등,2025-12-16
사하구 치매안심센터(신평분소),치매안심센터,부산광역시 사하구 하신중앙로 185,부산광역시 사하구 신평동 646-2,35.09496763,128.9615408,051-220-0074,051-220-0074,부산광역시 사하구,치매조기검진+치료관리비 지원+치매 인식 개선을 위한 홍보 캠페인 등,2025-12-16
사하구 치매안심센터(본소),치매안심센터,부산광역시 사하구 까치고개로 50-10,부산광역시 사하구 괴정동 12-31,35.10448398,129.0063462,051-220-5986,051-220-5987,부산광역시 사하구,치매조기검진+치료관리비 지원+치매 인식 개선을 위한 홍보 캠페인 등,2025-12-16
충청남도 계룡시 치매센터,치매안심센터,충청남도 계룡시 장안로 54,충청남도 계룡시 금암동 10,36.2730058,127.250047,,042-840-3681,충청남도 계룡시,무료치매검사,2023-07-13
홍천군치매안심센터,치매안심센터,강원특별자치도 홍천군 홍천읍 홍천로1길 9,,37.689933,127.875548,033-432-7801,033-430-4055,강원특별자치도 홍천군,무료 치매조기검진+치매환자 및 가족 지원 프로그램+치매환자 치료비 지원+치매환자 돌봄 물품지원+치매인식개선사업 등,2023-10-05
포천시치매안심센터 영북분소,치매안심센터,경기도 포천시 영북면 영북로166,경기도 포천시 영북면 운천리 340-6,38.0892943195,127.2756336536,031-538-4860,031-538-4860,경기도 포천시,치매검진+치매인지강화 프로그램,2024-11-14
포천시치매안심센터 일동분소,치매안심센터,경기도 포천시 일동면 소야길9,경기도 포천시 일동면 기산리 88-31,37.9558113615,127.315347,031-538-4547,031-538-4547,경기도 포천시,치매검진+치매인지강화 프로그램,2024-11-14
포천시치매안심센터,치매안심센터,경기도 포천시 삼육사로 2186번길 11-15,경기도 포천시 선단동 629-1,37.85346198,127.1593101,031-538-4831,031-538-4831,경기도 포천시,치매검진+치매인지강화 프로그램,2024-11-14
통영시 치매센터,치매안심센터,경상남도 통영시 안개4길 102(무전동),경상남도 통영시 무전동 401-1,34.85979047,128.4323385,055-650-6100,055-650-6100,경상남도 통영시,조기치매검진+치매환자상담및등록관리고위험군집중검진및등록관리+파트너선도단체양성+인식개선및홍보+사례관리운영+인지강화교실운영+쉼터운영+기족교실운영+치매환자실종예방관리비지원+정밀진단비지원,2025-12-18
세종특별자치시광역치매센터,광역치매센터,세종특별자치시 조치원읍 수원지1길 16,세종특별자치시 조치원읍 평리 12,36.60725506,127.3000196,044-300-5723,044-867-2851,세종특별자치시,치매 기획+연구+교육+기술지원사업(광역),2025-12-18
광명시치매안심센터,치매안심센터,경기도 광명시 소하로 196 3층,경기도 광명시 소하동 1344-1 3층,37.4465998,126.8949732,02-2680-5532,02-2680-5830,경기도 광명시,치매조기검진+치매극복의날 기념행사+치매서포터즈양성+치매안심마을 운영+치매인지프로그램운영 등,2025-12-09
예천군치매안심센터,치매안심센터,경상북도 예천군 예천읍 군청길 33,경상북도 예천군 예천읍 노상리 125-1,36.65769827,128.4529801,054-650-8100,054-650-8100,경상북도 예천군,치매조기검진+치매등록+치매환자쉼터+인지강화교실+치매예방교실+치매예방교육+치매서포터즈 및 치매극복선도단체 양성+치매보듬마을 운영+우리마을예쁜치매쉼터 운영+맞춤형사례관리+가족교실·자조모임운영+치매치료관리비지원+조호물품제공+배회인식표 및 배회감지기 지원+치매극복 캠페인 등,2025-12-09
연제구치매안심센터,치매안심센터,부산광역시 연제구 중앙대로1038번길 40,부산광역시 연제구 연산동2400,35.17937451,129.0788446,051-665-5481,051-665-5481,부산광역시 연제구,치매상담검진+환자 및 가족 지원+인식개선홍보+치매사례관리,2025-12-09
김포시치매안심센터 보건사업과,치매안심센터,경기도 김포시 사우중로 73번길 52  래미안프라자 4층,경기도 김포시 북변동 817,37.62308177,126.7211346,031-5186-4169,031-5186-4169,경기도 김포시,치매선별검사+치매예방 및 인지저하 프로그램+치매극복 선도학교 운영+치매치료관리비+치매공공후견인+조호물품제공,2025-12-08
철원군치매안심센터,치매안심센터,강원특별자치도 철원군 갈말읍 군탄로16,강원특별자치도 철원군 갈말읍 군탄리 960-2,38.1481382,127.3025602,033-450-5105,033-450-5105,강원특별자치도 철원군,치매어르신쉼터프로그램+농촌치유프로그램+치매조기검진 및 진단검사+치매예방교실프로그램+찾아가는경노당프로그램+분소운영+치매안심마을프로그램+치매인식개선캠페인 및 파트너양성교육+치매실종예방교실,2024-11-20
세종특별자치시 치매안심센터(어진동),치매안심센터,세종특별자치시 시청대로 583,,36.4953831457,127.3188085003,044-301-2000,044-301-2000,세종특별자치시,치매검진+상담+쉼터+가족교실 프로그램 등 운영(기초),2025-12-18
세종특별자치시 치매안심센터(조치원),치매안심센터,세종특별자치시 조치원읍 대첩로 32,세종특별자치시 조치원읍 신흥리 53-1,36.59626916,127.2928906,044-301-2000,044-301-2000,세종특별자치시,치매검진+상담+쉼터+가족교실 프로그램 등 운영(기초),2025-12-18
부여군 치매안심센터,치매안심센터,충청남도 부여군 부여읍 성왕로 205,충청남도 부여군 부여읍 구아리 136,36.28305231,126.9093363,041-830-8600,041-830-8727,충청남도 부여군,치매노인 등록 및 관리+치매노인 및 보호자에 대한 상담 지원+치매조기검진+치매치료관리비 지원 및 치매환자 사례관리+치매인지재활 프로그램+치매가족교실 및 자조모임 등,2025-12-15
논산시치매안심센터,치매안심센터,충청남도 논산시 논산대로 408,충청남도 논산시 관촉동 329-2,36.19653553,127.1047397,041-746-6921,041-746-6921,충청남도 논산시,치매조기검진+치매예방교육+치매환자등록관리+치매환자 가족교실 및 자조모임+치매환자 쉼터운영 등,2025-12-28
호원치매안심센터,치매안심센터,"경기도 의정부시 신흥로 115, 별관 3층 (호원동, 호원2동행정복지센터)",,37.72645877,127.0431115,031-870-6121,031-870-6124,경기도 의정부시,무료치매선별검사+ 치매상담+ 치매예방교육+ 재가치매환자 조호물품 지원+ 치매치료관리비 지원+ 치매 극복의 날 기념행사 등,2025-09-12
보건소치매센터,치매안심센터,경상남도 남해군 남해읍 선소로 6,경상남도 남해군 남해읍 차산리 645-1,34.84474988,127.8987479,055-860-8693,055-860-8791,경상남도 남해군,치매환자 쉼터 운영 및 치매조기검진,2025-04-17
목포시 치매안심센터,치매안심센터,전라남도 목포시 수문로 32,전라남도 목포시 남교동 164,34.79313246,126.3829319,061-270-4271,061-270-4271,전남광주통합특별시 목포시,치매선별검사+치매프로그램+치매환자등록관리,2025-04-23
울산광역시 동구보건소 치매안심센터,치매안심센터,울산광역시 동구 봉수로 155,울산광역시 동구 화정동 222,35.505086,129.4164300358,052-209-4060,052-209-4060,울산광역시 동구,"치매예방 및 인지강화 프로그램, 돌봄 쉼터, 가족교실, 힐링프로그램, 가족 자조모임 운영",2025-03-06
